2026.09.17 10:31:09 INFO  Started: Metals version 1.6.9 in folders 'C:\Users\AlumnoM_AI\Documents\ProyectosTajamar\parte3\3.1 Visual Studio Code + Metals + sbt\torneo-twenty-one' for client Visual Studio Code 1.138.0.
2026.09.17 10:31:09 INFO  Memory monitor started
2026.09.17 10:31:09 WARN  Using H2 2.5.250 which is newer than the version Flyway has been verified with. The latest verified version of H2 is 2.3.232.
2026.09.17 10:31:10 INFO  no build target found for C:\Users\AlumnoM_AI\Documents\ProyectosTajamar\parte3\3.1 Visual Studio Code + Metals + sbt\torneo-twenty-one\src\main\scala\Main.scala. Using presentation compiler with project's scala-library version: 3.3.8
2026.09.17 10:31:11 INFO  no build target found for C:\Users\AlumnoM_AI\Documents\ProyectosTajamar\parte3\3.1 Visual Studio Code + Metals + sbt\torneo-twenty-one\src\main\scala\Main.scala. Using presentation compiler with project's scala-library version: 3.3.8
2026.09.17 10:31:11 WARN  no build target for: C:\Users\AlumnoM_AI\Documents\ProyectosTajamar\parte3\3.1 Visual Studio Code + Metals + sbt\torneo-twenty-one\src\main\scala\Main.scala
2026.09.17 10:31:11 ERROR scala.meta.internal.metals.debug.DiscoveryFailures$BuildTargetNotFoundForPathException: No build target could be found for the path: C:\Users\AlumnoM_AI\Documents\ProyectosTajamar\parte3\3.1 Visual Studio Code + Metals + sbt\torneo-twenty-one\src\main\scala\Main.scala
	at scala.meta.internal.metals.debug.DebugDiscovery.validate(DebugDiscovery.scala:88)
	at scala.meta.internal.metals.debug.DebugDiscovery.debugDiscovery(DebugDiscovery.scala:164)
	at scala.meta.internal.metals.MetalsLspService.$anonfun$debugDiscovery$3(MetalsLspService.scala:1605)
	at scala.meta.internal.metals.MetalsLspService.afterCompilationFinished(MetalsLspService.scala:1600)
	at scala.meta.internal.metals.MetalsLspService.debugDiscovery(MetalsLspService.scala:1605)
	at scala.meta.internal.metals.WorkspaceLspService.executeCommand(WorkspaceLspService.scala:1159)
	at scala.meta.metals.lsp.DelegatingScalaService.executeCommand(DelegatingScalaService.scala:184)
	at jdk.internal.reflect.NativeMethodAccessorImpl.invoke0(Native Method)
	at jdk.internal.reflect.NativeMethodAccessorImpl.invoke(NativeMethodAccessorImpl.java:77)
	at jdk.internal.reflect.DelegatingMethodAccessorImpl.invoke(DelegatingMethodAccessorImpl.java:43)
	at java.lang.reflect.Method.invoke(Method.java:569)
	at org.eclipse.lsp4j.jsonrpc.services.GenericEndpoint.lambda$recursiveFindRpcMethods$0(GenericEndpoint.java:65)
	at org.eclipse.lsp4j.jsonrpc.services.GenericEndpoint.request(GenericEndpoint.java:128)
	at org.eclipse.lsp4j.jsonrpc.RemoteEndpoint.handleRequest(RemoteEndpoint.java:265)
	at org.eclipse.lsp4j.jsonrpc.RemoteEndpoint.consume(RemoteEndpoint.java:195)
	at org.eclipse.lsp4j.jsonrpc.json.StreamMessageProducer.handleMessage(StreamMessageProducer.java:189)
	at org.eclipse.lsp4j.jsonrpc.json.StreamMessageProducer.listen(StreamMessageProducer.java:97)
	at org.eclipse.lsp4j.jsonrpc.json.ConcurrentMessageProcessor.run(ConcurrentMessageProcessor.java:97)
	at java.util.concurrent.Executors$RunnableAdapter.call(Executors.java:539)
	at java.util.concurrent.FutureTask.run(FutureTask.java:264)
	at java.util.concurrent.ThreadPoolExecutor.runWorker(ThreadPoolExecutor.java:1136)
	at java.util.concurrent.ThreadPoolExecutor$Worker.run(ThreadPoolExecutor.java:635)
	at java.lang.Thread.run(Thread.java:840)

2026.09.17 10:31:11 INFO  no build target found for C:\Users\AlumnoM_AI\Documents\ProyectosTajamar\parte3\3.1 Visual Studio Code + Metals + sbt\torneo-twenty-one\src\main\scala\Main.scala. Using presentation compiler with project's scala-library version: 3.3.8
2026.09.17 10:31:15 INFO  no build target found for C:\Users\AlumnoM_AI\Documents\ProyectosTajamar\parte3\3.1 Visual Studio Code + Metals + sbt\torneo-twenty-one\src\main\scala\Main.scala. Using presentation compiler with project's scala-library version: 3.3.8
2026.09.17 10:31:17 INFO  running 'C:\Program Files\Eclipse Adoptium\jdk-17.0.20.101-hotspot\bin\java.exe -Djline.terminal=jline.UnsupportedTerminal -Dsbt.log.noformat=true -Dfile.encoding=UTF-8 -Dsbt.version=1.13.0 -jar C:\Users\ALUMNO~1\AppData\Local\Temp\metals12389630417665846725\sbt-launch.jar -Dbloop.export-jar-classifiers=sources -Dbloop.export-meta-build=true bloopInstall'
2026.09.17 10:31:17 WARN  no build target for: C:\Users\AlumnoM_AI\Documents\ProyectosTajamar\parte3\3.1 Visual Studio Code + Metals + sbt\torneo-twenty-one\project\metals.sbt
2026.09.17 10:31:17 INFO  no build target found for C:\Users\AlumnoM_AI\Documents\ProyectosTajamar\parte3\3.1 Visual Studio Code + Metals + sbt\torneo-twenty-one\project\project\metals.sbt. Using presentation compiler with project's scala-library version: 3.3.8
2026.09.17 10:31:17 WARN  no build target for: C:\Users\AlumnoM_AI\Documents\ProyectosTajamar\parte3\3.1 Visual Studio Code + Metals + sbt\torneo-twenty-one\project\project\metals.sbt
2026.09.17 10:31:17 INFO  no build target found for C:\Users\AlumnoM_AI\Documents\ProyectosTajamar\parte3\3.1 Visual Studio Code + Metals + sbt\torneo-twenty-one\src\main\scala\Main.scala. Using presentation compiler with project's scala-library version: 3.3.8
2026.09.17 10:31:17 INFO  no build target found for C:\Users\AlumnoM_AI\Documents\ProyectosTajamar\parte3\3.1 Visual Studio Code + Metals + sbt\torneo-twenty-one\project\metals.sbt. Using presentation compiler with project's scala-library version: 3.3.8
2026.09.17 10:31:19 INFO  [info] Updated file C:\Users\AlumnoM_AI\Documents\ProyectosTajamar\parte3\3.1 Visual Studio Code + Metals + sbt\torneo-twenty-one\project\build.properties: set sbt.version to 1.13.0
2026.09.17 10:31:19 INFO  [info] welcome to sbt 1.13.0 (Eclipse Adoptium Java 17.0.20.1)
2026.09.17 10:31:19 INFO  no build target found for C:\Users\AlumnoM_AI\Documents\ProyectosTajamar\parte3\3.1 Visual Studio Code + Metals + sbt\torneo-twenty-one\src\main\scala\Main.scala. Using presentation compiler with project's scala-library version: 3.3.8
2026.09.17 10:31:21 INFO  [info] loading settings for project torneo-twenty-one-build-build from metals.sbt...
2026.09.17 10:31:21 INFO  [info] loading project definition from C:\Users\AlumnoM_AI\Documents\ProyectosTajamar\parte3\3.1 Visual Studio Code + Metals + sbt\torneo-twenty-one\project\project
2026.09.17 10:31:23 INFO  [info] loading settings for project torneo-twenty-one-build from metals.sbt...
2026.09.17 10:31:23 INFO  [info] loading project definition from C:\Users\AlumnoM_AI\Documents\ProyectosTajamar\parte3\3.1 Visual Studio Code + Metals + sbt\torneo-twenty-one\project
2026.09.17 10:31:26 INFO  [success] Generated .bloop\torneo-twenty-one-build.json
2026.09.17 10:31:26 INFO  [success] Total time: 2 s, completed 17 sept 2026 10:31:26
2026.09.17 10:31:26 INFO  [info] loading settings for project torneo-twenty-one from build.sbt...
2026.09.17 10:31:26 INFO  [info] set current project to torneo-twenty-one (in build file:/C:/Users/AlumnoM_AI/Documents/ProyectosTajamar/parte3/3.1%20Visual%20Studio%20Code%20+%20Metals%20+%20sbt/torneo-twenty-one/)
2026.09.17 10:31:26 INFO  [warn] scalaVersion for subproject torneo-twenty-one fell back to a default value 2.12.21; declare it explicitly in build.sbt:
2026.09.17 10:31:26 INFO  [warn]   scalaVersion := "2.12.21"
2026.09.17 10:31:26 INFO  [success] Generated .bloop\torneo-twenty-one.json
2026.09.17 10:31:26 INFO  [success] Generated .bloop\torneo-twenty-one-test.json
2026.09.17 10:31:26 INFO  [success] Total time: 0 s, completed 17 sept 2026 10:31:26
2026.09.17 10:31:26 INFO  time: ran 'sbt bloopInstall' in 9.53s
2026.09.17 10:31:26 INFO  Attempting to connect to the build server...
2026.09.17 10:31:26 INFO  Found a Bloop server running
2026.09.17 10:31:26 INFO  Tracing is disabled for protocol BSP. To enable tracing of incoming and outgoing JSON messages, create an empty file at C:\Users\AlumnoM_AI\Documents\ProyectosTajamar\parte3\3.1 Visual Studio Code + Metals + sbt\torneo-twenty-one\.metals\bsp.trace.json or C:\Users\AlumnoM_AI\AppData\Local\scalameta\metals\cache\bsp.trace.json
2026.09.17 10:31:27 INFO  Attempting to connect to the build server...
2026.09.17 10:31:27 INFO  Found a Bloop server running
2026.09.17 10:31:27 INFO  Tracing is disabled for protocol BSP. To enable tracing of incoming and outgoing JSON messages, create an empty file at C:\Users\AlumnoM_AI\Documents\ProyectosTajamar\parte3\3.1 Visual Studio Code + Metals + sbt\torneo-twenty-one\project\.metals\bsp.trace.json or C:\Users\AlumnoM_AI\AppData\Local\scalameta\metals\cache\bsp.trace.json
2026.09.17 10:31:26 INFO  time: Connected to build server in 0.34s
2026.09.17 10:31:27 INFO  Connected to Build server: Bloop v2.1.2
2026.09.17 10:31:29 WARN  Using H2 2.5.250 which is newer than the version Flyway has been verified with. The latest verified version of H2 is 2.3.232.
2026.09.17 10:31:33 INFO  compiling torneo-twenty-one (1 scala source)
2026.09.17 10:31:35 INFO  time: compiled torneo-twenty-one in 2.02s
2026.09.17 10:31:36 INFO  Tracing is disabled for protocol dap-server. To enable tracing of incoming and outgoing JSON messages, create an empty file at C:\Users\AlumnoM_AI\Documents\ProyectosTajamar\parte3\3.1 Visual Studio Code + Metals + sbt\torneo-twenty-one\.metals\dap-server.trace.json or C:\Users\AlumnoM_AI\AppData\Local\scalameta\metals\cache\dap-server.trace.json
2026.09.17 10:31:36 INFO  Tracing is disabled for protocol dap-client. To enable tracing of incoming and outgoing JSON messages, create an empty file at C:\Users\AlumnoM_AI\Documents\ProyectosTajamar\parte3\3.1 Visual Studio Code + Metals + sbt\torneo-twenty-one\.metals\dap-client.trace.json or C:\Users\AlumnoM_AI\AppData\Local\scalameta\metals\cache\dap-client.trace.json
2026.09.17 10:31:36 INFO  Starting debug proxy for [Main]
2026.09.17 10:31:35 INFO  Loaded expression compiler in 1 millisecond
2026.09.17 10:31:38 INFO  Loaded all sources and classes in 2 seconds
2026.09.17 10:31:38 INFO  Initialized Scala 3 decoder in 0 milliseconds
2026.09.17 10:31:38 INFO  Trying to attach to remote debuggee VM kubernetes.docker.internal:62614 .
2026.09.17 10:31:38 INFO  Attaching to debuggee VM succeeded.
2026.09.17 10:31:38 INFO  Closing debug server tcp://0.0.0.0:62612
2026.09.17 10:31:39 INFO  Canceling debug proxy for [Main]
2026.09.17 10:31:42 INFO  time: indexed workspace in 15s
sept 17, 2026 10:32:53 A. M. org.eclipse.lsp4j.jsonrpc.RemoteEndpoint handleCancellation
ADVERTENCIA: Unmatched cancel notification for request id 104
sept 17, 2026 10:34:25 A. M. org.eclipse.lsp4j.jsonrpc.RemoteEndpoint handleCancellation
ADVERTENCIA: Unmatched cancel notification for request id 497
sept 17, 2026 10:34:25 A. M. org.eclipse.lsp4j.jsonrpc.RemoteEndpoint handleCancellation
ADVERTENCIA: Unmatched cancel notification for request id 498
2026.09.17 10:35:15 INFO  compiling torneo-twenty-one (1 scala source)
2026.09.17 10:35:16 INFO  time: compiled torneo-twenty-one in 1.22s
sept 17, 2026 10:35:24 A. M. org.eclipse.lsp4j.jsonrpc.services.GenericEndpoint notify
INFORMACIÓN: Unsupported notification method: $/setTrace
sept 17, 2026 10:35:27 A. M. org.eclipse.lsp4j.jsonrpc.services.GenericEndpoint notify
INFORMACIÓN: Unsupported notification method: $/setTrace
sept 17, 2026 10:35:28 A. M. org.eclipse.lsp4j.jsonrpc.services.GenericEndpoint notify
INFORMACIÓN: Unsupported notification method: $/setTrace
2026.09.17 10:35:32 INFO  Tracing is disabled for protocol dap-server. To enable tracing of incoming and outgoing JSON messages, create an empty file at C:\Users\AlumnoM_AI\Documents\ProyectosTajamar\parte3\3.1 Visual Studio Code + Metals + sbt\torneo-twenty-one\.metals\dap-server.trace.json or C:\Users\AlumnoM_AI\AppData\Local\scalameta\metals\cache\dap-server.trace.json
2026.09.17 10:35:32 INFO  Tracing is disabled for protocol dap-client. To enable tracing of incoming and outgoing JSON messages, create an empty file at C:\Users\AlumnoM_AI\Documents\ProyectosTajamar\parte3\3.1 Visual Studio Code + Metals + sbt\torneo-twenty-one\.metals\dap-client.trace.json or C:\Users\AlumnoM_AI\AppData\Local\scalameta\metals\cache\dap-client.trace.json
2026.09.17 10:35:32 INFO  Starting debug proxy for [Main]
2026.09.17 10:35:33 INFO  Loaded expression compiler in 1 millisecond
2026.09.17 10:35:34 INFO  Loaded all sources and classes in 1 second
2026.09.17 10:35:34 INFO  Initialized Scala 3 decoder in 0 milliseconds
2026.09.17 10:35:34 INFO  Trying to attach to remote debuggee VM kubernetes.docker.internal:49213 .
2026.09.17 10:35:34 INFO  Attaching to debuggee VM succeeded.
2026.09.17 10:35:34 INFO  Canceling debug proxy for [Main]
2026.09.17 10:35:34 INFO  Closing debug server tcp://0.0.0.0:49211
2026.09.17 10:35:45 INFO  Tracing is disabled for protocol dap-server. To enable tracing of incoming and outgoing JSON messages, create an empty file at C:\Users\AlumnoM_AI\Documents\ProyectosTajamar\parte3\3.1 Visual Studio Code + Metals + sbt\torneo-twenty-one\.metals\dap-server.trace.json or C:\Users\AlumnoM_AI\AppData\Local\scalameta\metals\cache\dap-server.trace.json
2026.09.17 10:35:45 INFO  Tracing is disabled for protocol dap-client. To enable tracing of incoming and outgoing JSON messages, create an empty file at C:\Users\AlumnoM_AI\Documents\ProyectosTajamar\parte3\3.1 Visual Studio Code + Metals + sbt\torneo-twenty-one\.metals\dap-client.trace.json or C:\Users\AlumnoM_AI\AppData\Local\scalameta\metals\cache\dap-client.trace.json
2026.09.17 10:35:45 INFO  Starting debug proxy for [Main]
2026.09.17 10:35:45 INFO  Loaded expression compiler in 0 milliseconds
2026.09.17 10:35:46 INFO  Loaded all sources and classes in 1 second
2026.09.17 10:35:46 INFO  Initialized Scala 3 decoder in 0 milliseconds
2026.09.17 10:35:46 INFO  Trying to attach to remote debuggee VM kubernetes.docker.internal:49221 .
2026.09.17 10:35:46 INFO  Attaching to debuggee VM succeeded.
2026.09.17 10:35:46 INFO  Canceling debug proxy for [Main]
2026.09.17 10:35:46 INFO  Closing debug server tcp://0.0.0.0:49219
2026.09.17 10:35:56 INFO  compiling torneo-twenty-one (1 scala source)
2026.09.17 10:35:56 INFO  time: compiled torneo-twenty-one in 0.85s
2026.09.17 10:37:10 INFO  compiling torneo-twenty-one (1 scala source)
sept 17, 2026 10:37:11 A. M. org.eclipse.lsp4j.jsonrpc.RemoteEndpoint handleCancellation
ADVERTENCIA: Unmatched cancel notification for request id 717
2026.09.17 10:37:12 INFO  time: compiled torneo-twenty-one in 1.57s
2026.09.17 10:37:12 INFO  compiling torneo-twenty-one (1 scala source)
2026.09.17 10:37:12 WARN  Could not load snapshot text for C:\Users\AlumnoM_AI\Documents\ProyectosTajamar\parte3\3.1 Visual Studio Code + Metals + sbt\torneo-twenty-one\src\main\scala\Main.scala
2026.09.17 10:37:12 INFO  time: compiled torneo-twenty-one in 0.15s
2026.09.17 10:37:12 WARN  Could not load snapshot text for C:\Users\AlumnoM_AI\Documents\ProyectosTajamar\parte3\3.1 Visual Studio Code + Metals + sbt\torneo-twenty-one\src\main\scala\Main.scala
2026.09.17 10:37:13 WARN  Could not load snapshot text for C:\Users\AlumnoM_AI\Documents\ProyectosTajamar\parte3\3.1 Visual Studio Code + Metals + sbt\torneo-twenty-one\src\main\scala\Main.scala
2026.09.17 10:37:14 WARN  Could not load snapshot text for C:\Users\AlumnoM_AI\Documents\ProyectosTajamar\parte3\3.1 Visual Studio Code + Metals + sbt\torneo-twenty-one\src\main\scala\Main.scala
2026.09.17 10:37:15 WARN  Could not load snapshot text for C:\Users\AlumnoM_AI\Documents\ProyectosTajamar\parte3\3.1 Visual Studio Code + Metals + sbt\torneo-twenty-one\src\main\scala\Main.scala
2026.09.17 10:37:15 WARN  Could not load snapshot text for C:\Users\AlumnoM_AI\Documents\ProyectosTajamar\parte3\3.1 Visual Studio Code + Metals + sbt\torneo-twenty-one\src\main\scala\Main.scala
2026.09.17 10:37:16 WARN  Could not load snapshot text for C:\Users\AlumnoM_AI\Documents\ProyectosTajamar\parte3\3.1 Visual Studio Code + Metals + sbt\torneo-twenty-one\src\main\scala\Main.scala
2026.09.17 10:37:16 WARN  Could not load snapshot text for C:\Users\AlumnoM_AI\Documents\ProyectosTajamar\parte3\3.1 Visual Studio Code + Metals + sbt\torneo-twenty-one\src\main\scala\Main.scala
2026.09.17 10:37:17 INFO  compiling torneo-twenty-one (1 scala source)
2026.09.17 10:37:17 INFO  time: compiled torneo-twenty-one in 0.21s
2026.09.17 10:37:18 WARN  Could not load snapshot text for C:\Users\AlumnoM_AI\Documents\ProyectosTajamar\parte3\3.1 Visual Studio Code + Metals + sbt\torneo-twenty-one\src\main\scala\Main.scala
2026.09.17 10:37:19 WARN  Could not load snapshot text for C:\Users\AlumnoM_AI\Documents\ProyectosTajamar\parte3\3.1 Visual Studio Code + Metals + sbt\torneo-twenty-one\src\main\scala\Main.scala
2026.09.17 10:37:21 WARN  Could not load snapshot text for C:\Users\AlumnoM_AI\Documents\ProyectosTajamar\parte3\3.1 Visual Studio Code + Metals + sbt\torneo-twenty-one\src\main\scala\Main.scala
sept 17, 2026 10:37:21 A. M. org.eclipse.lsp4j.jsonrpc.RemoteEndpoint handleCancellation
ADVERTENCIA: Unmatched cancel notification for request id 784
2026.09.17 10:37:22 WARN  Could not load snapshot text for C:\Users\AlumnoM_AI\Documents\ProyectosTajamar\parte3\3.1 Visual Studio Code + Metals + sbt\torneo-twenty-one\src\main\scala\Main.scala
2026.09.17 10:37:23 INFO  compiling torneo-twenty-one (1 scala source)
2026.09.17 10:37:23 INFO  time: compiled torneo-twenty-one in 92ms
2026.09.17 10:37:23 WARN  Could not load snapshot text for C:\Users\AlumnoM_AI\Documents\ProyectosTajamar\parte3\3.1 Visual Studio Code + Metals + sbt\torneo-twenty-one\src\main\scala\Main.scala
2026.09.17 10:37:24 WARN  Could not load snapshot text for C:\Users\AlumnoM_AI\Documents\ProyectosTajamar\parte3\3.1 Visual Studio Code + Metals + sbt\torneo-twenty-one\src\main\scala\Main.scala
2026.09.17 10:37:24 WARN  Could not load snapshot text for C:\Users\AlumnoM_AI\Documents\ProyectosTajamar\parte3\3.1 Visual Studio Code + Metals + sbt\torneo-twenty-one\src\main\scala\Main.scala
2026.09.17 10:37:25 INFO  compiling torneo-twenty-one (1 scala source)
2026.09.17 10:37:25 INFO  time: compiled torneo-twenty-one in 0.18s
2026.09.17 10:37:26 WARN  Could not load snapshot text for C:\Users\AlumnoM_AI\Documents\ProyectosTajamar\parte3\3.1 Visual Studio Code + Metals + sbt\torneo-twenty-one\src\main\scala\Main.scala
2026.09.17 10:37:30 WARN  Could not load snapshot text for C:\Users\AlumnoM_AI\Documents\ProyectosTajamar\parte3\3.1 Visual Studio Code + Metals + sbt\torneo-twenty-one\src\main\scala\Main.scala
2026.09.17 10:37:31 INFO  compiling torneo-twenty-one (1 scala source)
2026.09.17 10:37:31 INFO  time: compiled torneo-twenty-one in 84ms
2026.09.17 10:37:32 WARN  Could not load snapshot text for C:\Users\AlumnoM_AI\Documents\ProyectosTajamar\parte3\3.1 Visual Studio Code + Metals + sbt\torneo-twenty-one\src\main\scala\Main.scala
2026.09.17 10:37:33 WARN  Could not load snapshot text for C:\Users\AlumnoM_AI\Documents\ProyectosTajamar\parte3\3.1 Visual Studio Code + Metals + sbt\torneo-twenty-one\src\main\scala\Main.scala
sept 17, 2026 10:37:33 A. M. org.eclipse.lsp4j.jsonrpc.RemoteEndpoint handleCancellation
ADVERTENCIA: Unmatched cancel notification for request id 847
2026.09.17 10:37:33 WARN  Could not load snapshot text for C:\Users\AlumnoM_AI\Documents\ProyectosTajamar\parte3\3.1 Visual Studio Code + Metals + sbt\torneo-twenty-one\src\main\scala\Main.scala
2026.09.17 10:37:35 INFO  compiling torneo-twenty-one (1 scala source)
2026.09.17 10:37:35 INFO  time: compiled torneo-twenty-one in 0.17s
2026.09.17 10:37:35 WARN  Could not load snapshot text for C:\Users\AlumnoM_AI\Documents\ProyectosTajamar\parte3\3.1 Visual Studio Code + Metals + sbt\torneo-twenty-one\src\main\scala\Main.scala
2026.09.17 10:37:36 WARN  Could not load snapshot text for C:\Users\AlumnoM_AI\Documents\ProyectosTajamar\parte3\3.1 Visual Studio Code + Metals + sbt\torneo-twenty-one\src\main\scala\Main.scala
2026.09.17 10:37:37 INFO  compiling torneo-twenty-one (1 scala source)
2026.09.17 10:37:37 INFO  time: compiled torneo-twenty-one in 87ms
2026.09.17 10:37:37 WARN  Could not load snapshot text for C:\Users\AlumnoM_AI\Documents\ProyectosTajamar\parte3\3.1 Visual Studio Code + Metals + sbt\torneo-twenty-one\src\main\scala\Main.scala
2026.09.17 10:37:38 WARN  Could not load snapshot text for C:\Users\AlumnoM_AI\Documents\ProyectosTajamar\parte3\3.1 Visual Studio Code + Metals + sbt\torneo-twenty-one\src\main\scala\Main.scala
2026.09.17 10:37:39 WARN  Could not load snapshot text for C:\Users\AlumnoM_AI\Documents\ProyectosTajamar\parte3\3.1 Visual Studio Code + Metals + sbt\torneo-twenty-one\src\main\scala\Main.scala
2026.09.17 10:37:39 INFO  compiling torneo-twenty-one (1 scala source)
2026.09.17 10:37:39 INFO  time: compiled torneo-twenty-one in 0.15s
2026.09.17 10:37:40 WARN  Could not load snapshot text for C:\Users\AlumnoM_AI\Documents\ProyectosTajamar\parte3\3.1 Visual Studio Code + Metals + sbt\torneo-twenty-one\src\main\scala\Main.scala
2026.09.17 10:37:46 WARN  Could not load snapshot text for C:\Users\AlumnoM_AI\Documents\ProyectosTajamar\parte3\3.1 Visual Studio Code + Metals + sbt\torneo-twenty-one\src\main\scala\Main.scala
2026.09.17 10:37:47 INFO  compiling torneo-twenty-one (1 scala source)
2026.09.17 10:37:47 INFO  time: compiled torneo-twenty-one in 0.15s
2026.09.17 10:37:48 WARN  Could not load snapshot text for C:\Users\AlumnoM_AI\Documents\ProyectosTajamar\parte3\3.1 Visual Studio Code + Metals + sbt\torneo-twenty-one\src\main\scala\Main.scala
2026.09.17 10:37:49 WARN  Could not load snapshot text for C:\Users\AlumnoM_AI\Documents\ProyectosTajamar\parte3\3.1 Visual Studio Code + Metals + sbt\torneo-twenty-one\src\main\scala\Main.scala
2026.09.17 10:37:49 WARN  Could not load snapshot text for C:\Users\AlumnoM_AI\Documents\ProyectosTajamar\parte3\3.1 Visual Studio Code + Metals + sbt\torneo-twenty-one\src\main\scala\Main.scala
2026.09.17 10:37:50 INFO  compiling torneo-twenty-one (1 scala source)
2026.09.17 10:37:50 INFO  time: compiled torneo-twenty-one in 0.12s
2026.09.17 10:37:50 WARN  Could not load snapshot text for C:\Users\AlumnoM_AI\Documents\ProyectosTajamar\parte3\3.1 Visual Studio Code + Metals + sbt\torneo-twenty-one\src\main\scala\Main.scala
2026.09.17 10:37:51 INFO  compiling torneo-twenty-one (1 scala source)
2026.09.17 10:37:51 INFO  time: compiled torneo-twenty-one in 59ms
2026.09.17 10:37:52 WARN  Could not load snapshot text for C:\Users\AlumnoM_AI\Documents\ProyectosTajamar\parte3\3.1 Visual Studio Code + Metals + sbt\torneo-twenty-one\src\main\scala\Main.scala
2026.09.17 10:37:52 WARN  Could not load snapshot text for C:\Users\AlumnoM_AI\Documents\ProyectosTajamar\parte3\3.1 Visual Studio Code + Metals + sbt\torneo-twenty-one\src\main\scala\Main.scala
2026.09.17 10:37:54 WARN  Could not load snapshot text for C:\Users\AlumnoM_AI\Documents\ProyectosTajamar\parte3\3.1 Visual Studio Code + Metals + sbt\torneo-twenty-one\src\main\scala\Main.scala
2026.09.17 10:37:54 WARN  Could not load snapshot text for C:\Users\AlumnoM_AI\Documents\ProyectosTajamar\parte3\3.1 Visual Studio Code + Metals + sbt\torneo-twenty-one\src\main\scala\Main.scala
sept 17, 2026 10:37:54 A. M. org.eclipse.lsp4j.jsonrpc.RemoteEndpoint handleCancellation
ADVERTENCIA: Unmatched cancel notification for request id 972
2026.09.17 10:37:55 WARN  Could not load snapshot text for C:\Users\AlumnoM_AI\Documents\ProyectosTajamar\parte3\3.1 Visual Studio Code + Metals + sbt\torneo-twenty-one\src\main\scala\Main.scala
2026.09.17 10:37:55 WARN  Could not load snapshot text for C:\Users\AlumnoM_AI\Documents\ProyectosTajamar\parte3\3.1 Visual Studio Code + Metals + sbt\torneo-twenty-one\src\main\scala\Main.scala
2026.09.17 10:37:56 INFO  compiling torneo-twenty-one (1 scala source)
2026.09.17 10:37:56 INFO  time: compiled torneo-twenty-one in 82ms
2026.09.17 10:37:56 WARN  Could not load snapshot text for C:\Users\AlumnoM_AI\Documents\ProyectosTajamar\parte3\3.1 Visual Studio Code + Metals + sbt\torneo-twenty-one\src\main\scala\Main.scala
2026.09.17 10:38:03 WARN  Could not load snapshot text for C:\Users\AlumnoM_AI\Documents\ProyectosTajamar\parte3\3.1 Visual Studio Code + Metals + sbt\torneo-twenty-one\src\main\scala\Main.scala
2026.09.17 10:38:05 WARN  Could not load snapshot text for C:\Users\AlumnoM_AI\Documents\ProyectosTajamar\parte3\3.1 Visual Studio Code + Metals + sbt\torneo-twenty-one\src\main\scala\Main.scala
2026.09.17 10:38:05 WARN  Could not load snapshot text for C:\Users\AlumnoM_AI\Documents\ProyectosTajamar\parte3\3.1 Visual Studio Code + Metals + sbt\torneo-twenty-one\src\main\scala\Main.scala
sept 17, 2026 10:38:05 A. M. org.eclipse.lsp4j.jsonrpc.RemoteEndpoint handleCancellation
ADVERTENCIA: Unmatched cancel notification for request id 1026
2026.09.17 10:38:06 WARN  Could not load snapshot text for C:\Users\AlumnoM_AI\Documents\ProyectosTajamar\parte3\3.1 Visual Studio Code + Metals + sbt\torneo-twenty-one\src\main\scala\Main.scala
2026.09.17 10:38:07 INFO  compiling torneo-twenty-one (1 scala source)
2026.09.17 10:38:07 INFO  time: compiled torneo-twenty-one in 81ms
2026.09.17 10:38:07 WARN  Could not load snapshot text for C:\Users\AlumnoM_AI\Documents\ProyectosTajamar\parte3\3.1 Visual Studio Code + Metals + sbt\torneo-twenty-one\src\main\scala\Main.scala
2026.09.17 10:38:07 WARN  Could not load snapshot text for C:\Users\AlumnoM_AI\Documents\ProyectosTajamar\parte3\3.1 Visual Studio Code + Metals + sbt\torneo-twenty-one\src\main\scala\Main.scala
2026.09.17 10:38:08 INFO  compiling torneo-twenty-one (1 scala source)
2026.09.17 10:38:08 INFO  time: compiled torneo-twenty-one in 92ms
2026.09.17 10:38:09 WARN  Could not load snapshot text for C:\Users\AlumnoM_AI\Documents\ProyectosTajamar\parte3\3.1 Visual Studio Code + Metals + sbt\torneo-twenty-one\src\main\scala\Main.scala
2026.09.17 10:38:09 WARN  Could not load snapshot text for C:\Users\AlumnoM_AI\Documents\ProyectosTajamar\parte3\3.1 Visual Studio Code + Metals + sbt\torneo-twenty-one\src\main\scala\Main.scala
2026.09.17 10:38:10 INFO  compiling torneo-twenty-one (1 scala source)
2026.09.17 10:38:10 INFO  time: compiled torneo-twenty-one in 77ms
2026.09.17 10:38:10 WARN  Could not load snapshot text for C:\Users\AlumnoM_AI\Documents\ProyectosTajamar\parte3\3.1 Visual Studio Code + Metals + sbt\torneo-twenty-one\src\main\scala\Main.scala
2026.09.17 10:38:11 WARN  Could not load snapshot text for C:\Users\AlumnoM_AI\Documents\ProyectosTajamar\parte3\3.1 Visual Studio Code + Metals + sbt\torneo-twenty-one\src\main\scala\Main.scala
2026.09.17 10:38:12 INFO  compiling torneo-twenty-one (1 scala source)
2026.09.17 10:38:12 INFO  time: compiled torneo-twenty-one in 74ms
2026.09.17 10:38:13 WARN  Could not load snapshot text for C:\Users\AlumnoM_AI\Documents\ProyectosTajamar\parte3\3.1 Visual Studio Code + Metals + sbt\torneo-twenty-one\src\main\scala\Main.scala
2026.09.17 10:38:15 WARN  Could not load snapshot text for C:\Users\AlumnoM_AI\Documents\ProyectosTajamar\parte3\3.1 Visual Studio Code + Metals + sbt\torneo-twenty-one\src\main\scala\Main.scala
2026.09.17 10:38:16 WARN  Could not load snapshot text for C:\Users\AlumnoM_AI\Documents\ProyectosTajamar\parte3\3.1 Visual Studio Code + Metals + sbt\torneo-twenty-one\src\main\scala\Main.scala
2026.09.17 10:38:16 WARN  Could not load snapshot text for C:\Users\AlumnoM_AI\Documents\ProyectosTajamar\parte3\3.1 Visual Studio Code + Metals + sbt\torneo-twenty-one\src\main\scala\Main.scala
2026.09.17 10:38:17 WARN  Could not load snapshot text for C:\Users\AlumnoM_AI\Documents\ProyectosTajamar\parte3\3.1 Visual Studio Code + Metals + sbt\torneo-twenty-one\src\main\scala\Main.scala
2026.09.17 10:38:18 INFO  compiling torneo-twenty-one (1 scala source)
2026.09.17 10:38:18 INFO  time: compiled torneo-twenty-one in 80ms
2026.09.17 10:38:19 WARN  Could not load snapshot text for C:\Users\AlumnoM_AI\Documents\ProyectosTajamar\parte3\3.1 Visual Studio Code + Metals + sbt\torneo-twenty-one\src\main\scala\Main.scala
2026.09.17 10:38:20 WARN  Could not load snapshot text for C:\Users\AlumnoM_AI\Documents\ProyectosTajamar\parte3\3.1 Visual Studio Code + Metals + sbt\torneo-twenty-one\src\main\scala\Main.scala
2026.09.17 10:38:21 WARN  Could not load snapshot text for C:\Users\AlumnoM_AI\Documents\ProyectosTajamar\parte3\3.1 Visual Studio Code + Metals + sbt\torneo-twenty-one\src\main\scala\Main.scala
2026.09.17 10:38:22 INFO  compiling torneo-twenty-one (1 scala source)
2026.09.17 10:38:22 INFO  time: compiled torneo-twenty-one in 0.16s
2026.09.17 10:38:22 WARN  Could not load snapshot text for C:\Users\AlumnoM_AI\Documents\ProyectosTajamar\parte3\3.1 Visual Studio Code + Metals + sbt\torneo-twenty-one\src\main\scala\Main.scala
2026.09.17 10:38:23 WARN  Could not load snapshot text for C:\Users\AlumnoM_AI\Documents\ProyectosTajamar\parte3\3.1 Visual Studio Code + Metals + sbt\torneo-twenty-one\src\main\scala\Main.scala
2026.09.17 10:38:24 WARN  Could not load snapshot text for C:\Users\AlumnoM_AI\Documents\ProyectosTajamar\parte3\3.1 Visual Studio Code + Metals + sbt\torneo-twenty-one\src\main\scala\Main.scala
2026.09.17 10:38:25 WARN  Could not load snapshot text for C:\Users\AlumnoM_AI\Documents\ProyectosTajamar\parte3\3.1 Visual Studio Code + Metals + sbt\torneo-twenty-one\src\main\scala\Main.scala
2026.09.17 10:38:25 INFO  compiling torneo-twenty-one (1 scala source)
2026.09.17 10:38:25 INFO  time: compiled torneo-twenty-one in 0.17s
2026.09.17 10:38:26 WARN  Could not load snapshot text for C:\Users\AlumnoM_AI\Documents\ProyectosTajamar\parte3\3.1 Visual Studio Code + Metals + sbt\torneo-twenty-one\src\main\scala\Main.scala
2026.09.17 10:38:26 WARN  Could not load snapshot text for C:\Users\AlumnoM_AI\Documents\ProyectosTajamar\parte3\3.1 Visual Studio Code + Metals + sbt\torneo-twenty-one\src\main\scala\Main.scala
2026.09.17 10:38:27 INFO  compiling torneo-twenty-one (1 scala source)
2026.09.17 10:38:27 INFO  time: compiled torneo-twenty-one in 0.14s
2026.09.17 10:38:28 WARN  Could not load snapshot text for C:\Users\AlumnoM_AI\Documents\ProyectosTajamar\parte3\3.1 Visual Studio Code + Metals + sbt\torneo-twenty-one\src\main\scala\Main.scala
2026.09.17 10:38:29 WARN  Could not load snapshot text for C:\Users\AlumnoM_AI\Documents\ProyectosTajamar\parte3\3.1 Visual Studio Code + Metals + sbt\torneo-twenty-one\src\main\scala\Main.scala
2026.09.17 10:38:30 INFO  compiling torneo-twenty-one (1 scala source)
2026.09.17 10:38:30 INFO  time: compiled torneo-twenty-one in 0.15s
2026.09.17 10:38:31 WARN  Could not load snapshot text for C:\Users\AlumnoM_AI\Documents\ProyectosTajamar\parte3\3.1 Visual Studio Code + Metals + sbt\torneo-twenty-one\src\main\scala\Main.scala
2026.09.17 10:38:31 WARN  Could not load snapshot text for C:\Users\AlumnoM_AI\Documents\ProyectosTajamar\parte3\3.1 Visual Studio Code + Metals + sbt\torneo-twenty-one\src\main\scala\Main.scala
2026.09.17 10:38:32 INFO  compiling torneo-twenty-one (1 scala source)
2026.09.17 10:38:32 INFO  time: compiled torneo-twenty-one in 0.14s
sept 17, 2026 10:38:33 A. M. org.eclipse.lsp4j.jsonrpc.RemoteEndpoint handleCancellation
ADVERTENCIA: Unmatched cancel notification for request id 1241
2026.09.17 10:38:33 WARN  Could not load snapshot text for C:\Users\AlumnoM_AI\Documents\ProyectosTajamar\parte3\3.1 Visual Studio Code + Metals + sbt\torneo-twenty-one\src\main\scala\Main.scala
2026.09.17 10:38:34 WARN  Could not load snapshot text for C:\Users\AlumnoM_AI\Documents\ProyectosTajamar\parte3\3.1 Visual Studio Code + Metals + sbt\torneo-twenty-one\src\main\scala\Main.scala
2026.09.17 10:38:35 WARN  Could not load snapshot text for C:\Users\AlumnoM_AI\Documents\ProyectosTajamar\parte3\3.1 Visual Studio Code + Metals + sbt\torneo-twenty-one\src\main\scala\Main.scala
2026.09.17 10:38:36 INFO  compiling torneo-twenty-one (1 scala source)
2026.09.17 10:38:36 INFO  time: compiled torneo-twenty-one in 0.14s
2026.09.17 10:38:36 WARN  Could not load snapshot text for C:\Users\AlumnoM_AI\Documents\ProyectosTajamar\parte3\3.1 Visual Studio Code + Metals + sbt\torneo-twenty-one\src\main\scala\Main.scala
2026.09.17 10:38:40 WARN  Could not load snapshot text for C:\Users\AlumnoM_AI\Documents\ProyectosTajamar\parte3\3.1 Visual Studio Code + Metals + sbt\torneo-twenty-one\src\main\scala\Main.scala
2026.09.17 10:38:41 INFO  compiling torneo-twenty-one (1 scala source)
2026.09.17 10:38:41 INFO  time: compiled torneo-twenty-one in 80ms
2026.09.17 10:38:42 WARN  Could not load snapshot text for C:\Users\AlumnoM_AI\Documents\ProyectosTajamar\parte3\3.1 Visual Studio Code + Metals + sbt\torneo-twenty-one\src\main\scala\Main.scala
2026.09.17 10:38:44 WARN  Could not load snapshot text for C:\Users\AlumnoM_AI\Documents\ProyectosTajamar\parte3\3.1 Visual Studio Code + Metals + sbt\torneo-twenty-one\src\main\scala\Main.scala
2026.09.17 10:38:45 WARN  Could not load snapshot text for C:\Users\AlumnoM_AI\Documents\ProyectosTajamar\parte3\3.1 Visual Studio Code + Metals + sbt\torneo-twenty-one\src\main\scala\Main.scala
2026.09.17 10:38:45 INFO  compiling torneo-twenty-one (1 scala source)
2026.09.17 10:38:45 INFO  time: compiled torneo-twenty-one in 0.14s
2026.09.17 10:38:46 WARN  Could not load snapshot text for C:\Users\AlumnoM_AI\Documents\ProyectosTajamar\parte3\3.1 Visual Studio Code + Metals + sbt\torneo-twenty-one\src\main\scala\Main.scala
2026.09.17 10:38:46 WARN  Could not load snapshot text for C:\Users\AlumnoM_AI\Documents\ProyectosTajamar\parte3\3.1 Visual Studio Code + Metals + sbt\torneo-twenty-one\src\main\scala\Main.scala
2026.09.17 10:38:47 INFO  compiling torneo-twenty-one (1 scala source)
2026.09.17 10:38:47 INFO  time: compiled torneo-twenty-one in 0.14s
2026.09.17 10:38:47 WARN  Could not load snapshot text for C:\Users\AlumnoM_AI\Documents\ProyectosTajamar\parte3\3.1 Visual Studio Code + Metals + sbt\torneo-twenty-one\src\main\scala\Main.scala
2026.09.17 10:38:50 WARN  Could not load snapshot text for C:\Users\AlumnoM_AI\Documents\ProyectosTajamar\parte3\3.1 Visual Studio Code + Metals + sbt\torneo-twenty-one\src\main\scala\Main.scala
2026.09.17 10:38:50 WARN  Could not load snapshot text for C:\Users\AlumnoM_AI\Documents\ProyectosTajamar\parte3\3.1 Visual Studio Code + Metals + sbt\torneo-twenty-one\src\main\scala\Main.scala
2026.09.17 10:38:51 WARN  Could not load snapshot text for C:\Users\AlumnoM_AI\Documents\ProyectosTajamar\parte3\3.1 Visual Studio Code + Metals + sbt\torneo-twenty-one\src\main\scala\Main.scala
2026.09.17 10:38:51 WARN  Could not load snapshot text for C:\Users\AlumnoM_AI\Documents\ProyectosTajamar\parte3\3.1 Visual Studio Code + Metals + sbt\torneo-twenty-one\src\main\scala\Main.scala
2026.09.17 10:38:52 WARN  Could not load snapshot text for C:\Users\AlumnoM_AI\Documents\ProyectosTajamar\parte3\3.1 Visual Studio Code + Metals + sbt\torneo-twenty-one\src\main\scala\Main.scala
2026.09.17 10:38:53 INFO  compiling torneo-twenty-one (1 scala source)
2026.09.17 10:38:53 INFO  time: compiled torneo-twenty-one in 0.15s
2026.09.17 10:38:53 WARN  Could not load snapshot text for C:\Users\AlumnoM_AI\Documents\ProyectosTajamar\parte3\3.1 Visual Studio Code + Metals + sbt\torneo-twenty-one\src\main\scala\Main.scala
2026.09.17 10:38:56 WARN  Could not load snapshot text for C:\Users\AlumnoM_AI\Documents\ProyectosTajamar\parte3\3.1 Visual Studio Code + Metals + sbt\torneo-twenty-one\src\main\scala\Main.scala
2026.09.17 10:38:57 WARN  Could not load snapshot text for C:\Users\AlumnoM_AI\Documents\ProyectosTajamar\parte3\3.1 Visual Studio Code + Metals + sbt\torneo-twenty-one\src\main\scala\Main.scala
2026.09.17 10:38:58 INFO  compiling torneo-twenty-one (1 scala source)
2026.09.17 10:38:58 INFO  time: compiled torneo-twenty-one in 0.14s
2026.09.17 10:38:58 WARN  Could not load snapshot text for C:\Users\AlumnoM_AI\Documents\ProyectosTajamar\parte3\3.1 Visual Studio Code + Metals + sbt\torneo-twenty-one\src\main\scala\Main.scala
2026.09.17 10:39:00 WARN  Could not load snapshot text for C:\Users\AlumnoM_AI\Documents\ProyectosTajamar\parte3\3.1 Visual Studio Code + Metals + sbt\torneo-twenty-one\src\main\scala\Main.scala
2026.09.17 10:39:01 WARN  Could not load snapshot text for C:\Users\AlumnoM_AI\Documents\ProyectosTajamar\parte3\3.1 Visual Studio Code + Metals + sbt\torneo-twenty-one\src\main\scala\Main.scala
2026.09.17 10:39:01 WARN  Could not load snapshot text for C:\Users\AlumnoM_AI\Documents\ProyectosTajamar\parte3\3.1 Visual Studio Code + Metals + sbt\torneo-twenty-one\src\main\scala\Main.scala
2026.09.17 10:39:02 WARN  Could not load snapshot text for C:\Users\AlumnoM_AI\Documents\ProyectosTajamar\parte3\3.1 Visual Studio Code + Metals + sbt\torneo-twenty-one\src\main\scala\Main.scala
2026.09.17 10:39:03 INFO  compiling torneo-twenty-one (1 scala source)
2026.09.17 10:39:03 INFO  time: compiled torneo-twenty-one in 79ms
2026.09.17 10:39:03 WARN  Could not load snapshot text for C:\Users\AlumnoM_AI\Documents\ProyectosTajamar\parte3\3.1 Visual Studio Code + Metals + sbt\torneo-twenty-one\src\main\scala\Main.scala
2026.09.17 10:39:08 WARN  Could not load snapshot text for C:\Users\AlumnoM_AI\Documents\ProyectosTajamar\parte3\3.1 Visual Studio Code + Metals + sbt\torneo-twenty-one\src\main\scala\Main.scala
2026.09.17 10:39:08 WARN  Could not load snapshot text for C:\Users\AlumnoM_AI\Documents\ProyectosTajamar\parte3\3.1 Visual Studio Code + Metals + sbt\torneo-twenty-one\src\main\scala\Main.scala
2026.09.17 10:39:09 INFO  compiling torneo-twenty-one (1 scala source)
2026.09.17 10:39:09 INFO  time: compiled torneo-twenty-one in 0.15s
2026.09.17 10:39:09 WARN  Could not load snapshot text for C:\Users\AlumnoM_AI\Documents\ProyectosTajamar\parte3\3.1 Visual Studio Code + Metals + sbt\torneo-twenty-one\src\main\scala\Main.scala
2026.09.17 10:39:09 WARN  Could not load snapshot text for C:\Users\AlumnoM_AI\Documents\ProyectosTajamar\parte3\3.1 Visual Studio Code + Metals + sbt\torneo-twenty-one\src\main\scala\Main.scala
2026.09.17 10:39:10 INFO  compiling torneo-twenty-one (1 scala source)
2026.09.17 10:39:10 INFO  time: compiled torneo-twenty-one in 0.13s
2026.09.17 10:39:10 WARN  Could not load snapshot text for C:\Users\AlumnoM_AI\Documents\ProyectosTajamar\parte3\3.1 Visual Studio Code + Metals + sbt\torneo-twenty-one\src\main\scala\Main.scala
2026.09.17 10:39:29 WARN  Could not load snapshot text for C:\Users\AlumnoM_AI\Documents\ProyectosTajamar\parte3\3.1 Visual Studio Code + Metals + sbt\torneo-twenty-one\src\main\scala\Main.scala
2026.09.17 10:39:30 INFO  compiling torneo-twenty-one (1 scala source)
2026.09.17 10:39:30 INFO  time: compiled torneo-twenty-one in 0.14s
2026.09.17 10:39:31 WARN  Could not load snapshot text for C:\Users\AlumnoM_AI\Documents\ProyectosTajamar\parte3\3.1 Visual Studio Code + Metals + sbt\torneo-twenty-one\src\main\scala\Main.scala
2026.09.17 10:39:32 WARN  Could not load snapshot text for C:\Users\AlumnoM_AI\Documents\ProyectosTajamar\parte3\3.1 Visual Studio Code + Metals + sbt\torneo-twenty-one\src\main\scala\Main.scala
2026.09.17 10:39:33 INFO  compiling torneo-twenty-one (1 scala source)
2026.09.17 10:39:33 INFO  time: compiled torneo-twenty-one in 0.13s
2026.09.17 10:39:34 WARN  Could not load snapshot text for C:\Users\AlumnoM_AI\Documents\ProyectosTajamar\parte3\3.1 Visual Studio Code + Metals + sbt\torneo-twenty-one\src\main\scala\Main.scala
sept 17, 2026 10:39:35 A. M. org.eclipse.lsp4j.jsonrpc.RemoteEndpoint handleCancellation
ADVERTENCIA: Unmatched cancel notification for request id 1503
2026.09.17 10:39:35 WARN  Could not load snapshot text for C:\Users\AlumnoM_AI\Documents\ProyectosTajamar\parte3\3.1 Visual Studio Code + Metals + sbt\torneo-twenty-one\src\main\scala\Main.scala
2026.09.17 10:39:36 WARN  Could not load snapshot text for C:\Users\AlumnoM_AI\Documents\ProyectosTajamar\parte3\3.1 Visual Studio Code + Metals + sbt\torneo-twenty-one\src\main\scala\Main.scala
2026.09.17 10:39:36 WARN  Could not load snapshot text for C:\Users\AlumnoM_AI\Documents\ProyectosTajamar\parte3\3.1 Visual Studio Code + Metals + sbt\torneo-twenty-one\src\main\scala\Main.scala
2026.09.17 10:39:37 INFO  compiling torneo-twenty-one (1 scala source)
2026.09.17 10:39:37 INFO  time: compiled torneo-twenty-one in 0.13s
2026.09.17 10:39:38 WARN  Could not load snapshot text for C:\Users\AlumnoM_AI\Documents\ProyectosTajamar\parte3\3.1 Visual Studio Code + Metals + sbt\torneo-twenty-one\src\main\scala\Main.scala
2026.09.17 10:39:39 INFO  compiling torneo-twenty-one (1 scala source)
2026.09.17 10:39:39 INFO  time: compiled torneo-twenty-one in 0.12s
2026.09.17 10:39:39 WARN  Could not load snapshot text for C:\Users\AlumnoM_AI\Documents\ProyectosTajamar\parte3\3.1 Visual Studio Code + Metals + sbt\torneo-twenty-one\src\main\scala\Main.scala
2026.09.17 10:39:43 WARN  Could not load snapshot text for C:\Users\AlumnoM_AI\Documents\ProyectosTajamar\parte3\3.1 Visual Studio Code + Metals + sbt\torneo-twenty-one\src\main\scala\Main.scala
2026.09.17 10:39:43 WARN  Could not load snapshot text for C:\Users\AlumnoM_AI\Documents\ProyectosTajamar\parte3\3.1 Visual Studio Code + Metals + sbt\torneo-twenty-one\src\main\scala\Main.scala
2026.09.17 10:39:45 WARN  Could not load snapshot text for C:\Users\AlumnoM_AI\Documents\ProyectosTajamar\parte3\3.1 Visual Studio Code + Metals + sbt\torneo-twenty-one\src\main\scala\Main.scala
2026.09.17 10:39:46 INFO  compiling torneo-twenty-one (1 scala source)
2026.09.17 10:39:46 INFO  time: compiled torneo-twenty-one in 0.12s
2026.09.17 10:39:46 WARN  Could not load snapshot text for C:\Users\AlumnoM_AI\Documents\ProyectosTajamar\parte3\3.1 Visual Studio Code + Metals + sbt\torneo-twenty-one\src\main\scala\Main.scala
2026.09.17 10:39:49 WARN  Could not load snapshot text for C:\Users\AlumnoM_AI\Documents\ProyectosTajamar\parte3\3.1 Visual Studio Code + Metals + sbt\torneo-twenty-one\src\main\scala\Main.scala
2026.09.17 10:39:49 WARN  Could not load snapshot text for C:\Users\AlumnoM_AI\Documents\ProyectosTajamar\parte3\3.1 Visual Studio Code + Metals + sbt\torneo-twenty-one\src\main\scala\Main.scala
2026.09.17 10:39:50 WARN  Could not load snapshot text for C:\Users\AlumnoM_AI\Documents\ProyectosTajamar\parte3\3.1 Visual Studio Code + Metals + sbt\torneo-twenty-one\src\main\scala\Main.scala
2026.09.17 10:39:51 WARN  Could not load snapshot text for C:\Users\AlumnoM_AI\Documents\ProyectosTajamar\parte3\3.1 Visual Studio Code + Metals + sbt\torneo-twenty-one\src\main\scala\Main.scala
2026.09.17 10:39:52 WARN  Could not load snapshot text for C:\Users\AlumnoM_AI\Documents\ProyectosTajamar\parte3\3.1 Visual Studio Code + Metals + sbt\torneo-twenty-one\src\main\scala\Main.scala
2026.09.17 10:39:53 INFO  compiling torneo-twenty-one (1 scala source)
2026.09.17 10:39:53 INFO  time: compiled torneo-twenty-one in 0.13s
2026.09.17 10:39:53 WARN  Could not load snapshot text for C:\Users\AlumnoM_AI\Documents\ProyectosTajamar\parte3\3.1 Visual Studio Code + Metals + sbt\torneo-twenty-one\src\main\scala\Main.scala
2026.09.17 10:39:59 WARN  Could not load snapshot text for C:\Users\AlumnoM_AI\Documents\ProyectosTajamar\parte3\3.1 Visual Studio Code + Metals + sbt\torneo-twenty-one\src\main\scala\Main.scala
2026.09.17 10:39:59 WARN  Could not load snapshot text for C:\Users\AlumnoM_AI\Documents\ProyectosTajamar\parte3\3.1 Visual Studio Code + Metals + sbt\torneo-twenty-one\src\main\scala\Main.scala
sept 17, 2026 10:39:59 A. M. scala.meta.internal.pc.CompilerAccess retryWithCleanCompiler
INFORMACIÓN: compiler crashed due to an error in the Scala compiler, retrying with new compiler instance.
2026.09.17 10:40:00 INFO  compiling torneo-twenty-one (1 scala source)
2026.09.17 10:40:00 INFO  time: compiled torneo-twenty-one in 0.16s
2026.09.17 10:40:00 WARN  Could not load snapshot text for C:\Users\AlumnoM_AI\Documents\ProyectosTajamar\parte3\3.1 Visual Studio Code + Metals + sbt\torneo-twenty-one\src\main\scala\Main.scala
2026.09.17 10:40:03 WARN  Could not load snapshot text for C:\Users\AlumnoM_AI\Documents\ProyectosTajamar\parte3\3.1 Visual Studio Code + Metals + sbt\torneo-twenty-one\src\main\scala\Main.scala
2026.09.17 10:40:04 INFO  compiling torneo-twenty-one (1 scala source)
2026.09.17 10:40:04 INFO  time: compiled torneo-twenty-one in 0.13s
2026.09.17 10:40:05 WARN  Could not load snapshot text for C:\Users\AlumnoM_AI\Documents\ProyectosTajamar\parte3\3.1 Visual Studio Code + Metals + sbt\torneo-twenty-one\src\main\scala\Main.scala
2026.09.17 10:40:08 WARN  Could not load snapshot text for C:\Users\AlumnoM_AI\Documents\ProyectosTajamar\parte3\3.1 Visual Studio Code + Metals + sbt\torneo-twenty-one\src\main\scala\Main.scala
2026.09.17 10:40:09 WARN  Could not load snapshot text for C:\Users\AlumnoM_AI\Documents\ProyectosTajamar\parte3\3.1 Visual Studio Code + Metals + sbt\torneo-twenty-one\src\main\scala\Main.scala
2026.09.17 10:40:09 INFO  compiling torneo-twenty-one (1 scala source)
2026.09.17 10:40:09 INFO  time: compiled torneo-twenty-one in 77ms
2026.09.17 10:40:10 WARN  Could not load snapshot text for C:\Users\AlumnoM_AI\Documents\ProyectosTajamar\parte3\3.1 Visual Studio Code + Metals + sbt\torneo-twenty-one\src\main\scala\Main.scala
2026.09.17 10:40:11 INFO  compiling torneo-twenty-one (1 scala source)
2026.09.17 10:40:11 INFO  time: compiled torneo-twenty-one in 79ms
2026.09.17 10:40:11 WARN  Could not load snapshot text for C:\Users\AlumnoM_AI\Documents\ProyectosTajamar\parte3\3.1 Visual Studio Code + Metals + sbt\torneo-twenty-one\src\main\scala\Main.scala
2026.09.17 10:40:12 WARN  Could not load snapshot text for C:\Users\AlumnoM_AI\Documents\ProyectosTajamar\parte3\3.1 Visual Studio Code + Metals + sbt\torneo-twenty-one\src\main\scala\Main.scala
2026.09.17 10:40:13 INFO  compiling torneo-twenty-one (1 scala source)
2026.09.17 10:40:13 INFO  time: compiled torneo-twenty-one in 0.11s
2026.09.17 10:40:13 WARN  Could not load snapshot text for C:\Users\AlumnoM_AI\Documents\ProyectosTajamar\parte3\3.1 Visual Studio Code + Metals + sbt\torneo-twenty-one\src\main\scala\Main.scala
2026.09.17 10:40:14 INFO  compiling torneo-twenty-one (1 scala source)
2026.09.17 10:40:14 INFO  time: compiled torneo-twenty-one in 98ms
2026.09.17 10:40:14 WARN  Could not load snapshot text for C:\Users\AlumnoM_AI\Documents\ProyectosTajamar\parte3\3.1 Visual Studio Code + Metals + sbt\torneo-twenty-one\src\main\scala\Main.scala
2026.09.17 10:40:17 WARN  Could not load snapshot text for C:\Users\AlumnoM_AI\Documents\ProyectosTajamar\parte3\3.1 Visual Studio Code + Metals + sbt\torneo-twenty-one\src\main\scala\Main.scala
2026.09.17 10:40:17 WARN  Could not load snapshot text for C:\Users\AlumnoM_AI\Documents\ProyectosTajamar\parte3\3.1 Visual Studio Code + Metals + sbt\torneo-twenty-one\src\main\scala\Main.scala
2026.09.17 10:40:17 WARN  Could not load snapshot text for C:\Users\AlumnoM_AI\Documents\ProyectosTajamar\parte3\3.1 Visual Studio Code + Metals + sbt\torneo-twenty-one\src\main\scala\Main.scala
2026.09.17 10:40:17 WARN  Could not load snapshot text for C:\Users\AlumnoM_AI\Documents\ProyectosTajamar\parte3\3.1 Visual Studio Code + Metals + sbt\torneo-twenty-one\src\main\scala\Main.scala
2026.09.17 10:40:17 WARN  Could not load snapshot text for C:\Users\AlumnoM_AI\Documents\ProyectosTajamar\parte3\3.1 Visual Studio Code + Metals + sbt\torneo-twenty-one\src\main\scala\Main.scala
2026.09.17 10:40:17 WARN  Could not load snapshot text for C:\Users\AlumnoM_AI\Documents\ProyectosTajamar\parte3\3.1 Visual Studio Code + Metals + sbt\torneo-twenty-one\src\main\scala\Main.scala
2026.09.17 10:40:19 WARN  Could not load snapshot text for C:\Users\AlumnoM_AI\Documents\ProyectosTajamar\parte3\3.1 Visual Studio Code + Metals + sbt\torneo-twenty-one\src\main\scala\Main.scala
2026.09.17 10:40:19 WARN  Could not load snapshot text for C:\Users\AlumnoM_AI\Documents\ProyectosTajamar\parte3\3.1 Visual Studio Code + Metals + sbt\torneo-twenty-one\src\main\scala\Main.scala
2026.09.17 10:40:19 WARN  Could not load snapshot text for C:\Users\AlumnoM_AI\Documents\ProyectosTajamar\parte3\3.1 Visual Studio Code + Metals + sbt\torneo-twenty-one\src\main\scala\Main.scala
2026.09.17 10:40:20 INFO  compiling torneo-twenty-one (1 scala source)
2026.09.17 10:40:20 INFO  time: compiled torneo-twenty-one in 0.12s
2026.09.17 10:40:20 WARN  Could not load snapshot text for C:\Users\AlumnoM_AI\Documents\ProyectosTajamar\parte3\3.1 Visual Studio Code + Metals + sbt\torneo-twenty-one\src\main\scala\Main.scala
2026.09.17 10:40:22 WARN  Could not load snapshot text for C:\Users\AlumnoM_AI\Documents\ProyectosTajamar\parte3\3.1 Visual Studio Code + Metals + sbt\torneo-twenty-one\src\main\scala\Main.scala
2026.09.17 10:40:23 INFO  compiling torneo-twenty-one (1 scala source)
2026.09.17 10:40:23 INFO  time: compiled torneo-twenty-one in 0.12s
2026.09.17 10:40:23 WARN  Could not load snapshot text for C:\Users\AlumnoM_AI\Documents\ProyectosTajamar\parte3\3.1 Visual Studio Code + Metals + sbt\torneo-twenty-one\src\main\scala\Main.scala
2026.09.17 10:40:32 WARN  Could not load snapshot text for C:\Users\AlumnoM_AI\Documents\ProyectosTajamar\parte3\3.1 Visual Studio Code + Metals + sbt\torneo-twenty-one\src\main\scala\Main.scala
2026.09.17 10:40:32 INFO  compiling torneo-twenty-one (1 scala source)
2026.09.17 10:40:32 INFO  time: compiled torneo-twenty-one in 0.13s
2026.09.17 10:40:33 WARN  Could not load snapshot text for C:\Users\AlumnoM_AI\Documents\ProyectosTajamar\parte3\3.1 Visual Studio Code + Metals + sbt\torneo-twenty-one\src\main\scala\Main.scala
2026.09.17 10:40:49 WARN  Could not load snapshot text for C:\Users\AlumnoM_AI\Documents\ProyectosTajamar\parte3\3.1 Visual Studio Code + Metals + sbt\torneo-twenty-one\src\main\scala\Main.scala
2026.09.17 10:41:18 WARN  Could not load snapshot text for C:\Users\AlumnoM_AI\Documents\ProyectosTajamar\parte3\3.1 Visual Studio Code + Metals + sbt\torneo-twenty-one\src\main\scala\Main.scala
2026.09.17 10:41:21 WARN  Could not load snapshot text for C:\Users\AlumnoM_AI\Documents\ProyectosTajamar\parte3\3.1 Visual Studio Code + Metals + sbt\torneo-twenty-one\src\main\scala\Main.scala
2026.09.17 10:41:21 WARN  Could not load snapshot text for C:\Users\AlumnoM_AI\Documents\ProyectosTajamar\parte3\3.1 Visual Studio Code + Metals + sbt\torneo-twenty-one\src\main\scala\Main.scala
2026.09.17 10:41:22 INFO  compiling torneo-twenty-one (1 scala source)
2026.09.17 10:41:22 INFO  time: compiled torneo-twenty-one in 0.14s
2026.09.17 10:41:22 WARN  Could not load snapshot text for C:\Users\AlumnoM_AI\Documents\ProyectosTajamar\parte3\3.1 Visual Studio Code + Metals + sbt\torneo-twenty-one\src\main\scala\Main.scala
2026.09.17 10:41:24 WARN  Could not load snapshot text for C:\Users\AlumnoM_AI\Documents\ProyectosTajamar\parte3\3.1 Visual Studio Code + Metals + sbt\torneo-twenty-one\src\main\scala\Main.scala
2026.09.17 10:41:24 WARN  Could not load snapshot text for C:\Users\AlumnoM_AI\Documents\ProyectosTajamar\parte3\3.1 Visual Studio Code + Metals + sbt\torneo-twenty-one\src\main\scala\Main.scala
2026.09.17 10:41:25 WARN  Could not load snapshot text for C:\Users\AlumnoM_AI\Documents\ProyectosTajamar\parte3\3.1 Visual Studio Code + Metals + sbt\torneo-twenty-one\src\main\scala\Main.scala
2026.09.17 10:41:26 INFO  compiling torneo-twenty-one (1 scala source)
2026.09.17 10:41:26 INFO  time: compiled torneo-twenty-one in 0.76s
2026.09.17 10:42:32 INFO  compiling torneo-twenty-one (1 scala source)
2026.09.17 10:42:32 INFO  time: compiled torneo-twenty-one in 0.71s
sept 17, 2026 10:42:36 A. M. org.eclipse.lsp4j.jsonrpc.RemoteEndpoint handleCancellation
ADVERTENCIA: Unmatched cancel notification for request id 1959
2026.09.17 10:42:38 INFO  compiling torneo-twenty-one (1 scala source)
2026.09.17 10:42:38 INFO  time: compiled torneo-twenty-one in 0.24s
2026.09.17 10:42:51 INFO  compiling torneo-twenty-one (1 scala source)
2026.09.17 10:42:51 INFO  time: compiled torneo-twenty-one in 0.12s
2026.09.17 10:42:55 INFO  compiling torneo-twenty-one (1 scala source)
2026.09.17 10:42:55 INFO  time: compiled torneo-twenty-one in 0.11s
2026.09.17 10:42:57 INFO  compiling torneo-twenty-one (1 scala source)
2026.09.17 10:42:57 INFO  time: compiled torneo-twenty-one in 0.12s
2026.09.17 10:43:21 INFO  compiling torneo-twenty-one (1 scala source)
2026.09.17 10:43:21 INFO  time: compiled torneo-twenty-one in 79ms
2026.09.17 10:43:24 INFO  compiling torneo-twenty-one (1 scala source)
2026.09.17 10:43:24 INFO  time: compiled torneo-twenty-one in 79ms
2026.09.17 10:43:28 INFO  compiling torneo-twenty-one (1 scala source)
2026.09.17 10:43:28 INFO  time: compiled torneo-twenty-one in 74ms
2026.09.17 10:43:33 INFO  compiling torneo-twenty-one (1 scala source)
2026.09.17 10:43:33 INFO  time: compiled torneo-twenty-one in 79ms
2026.09.17 10:43:35 INFO  compiling torneo-twenty-one (1 scala source)
2026.09.17 10:43:35 INFO  time: compiled torneo-twenty-one in 79ms
2026.09.17 10:43:39 INFO  compiling torneo-twenty-one (1 scala source)
2026.09.17 10:43:39 INFO  time: compiled torneo-twenty-one in 0.1s
2026.09.17 10:43:41 INFO  compiling torneo-twenty-one (1 scala source)
2026.09.17 10:43:41 INFO  time: compiled torneo-twenty-one in 83ms
2026.09.17 10:43:43 INFO  compiling torneo-twenty-one (1 scala source)
2026.09.17 10:43:43 INFO  time: compiled torneo-twenty-one in 84ms
2026.09.17 10:43:47 INFO  compiling torneo-twenty-one (1 scala source)
2026.09.17 10:43:47 INFO  time: compiled torneo-twenty-one in 82ms
2026.09.17 10:43:49 INFO  compiling torneo-twenty-one (1 scala source)
2026.09.17 10:43:49 INFO  time: compiled torneo-twenty-one in 78ms
2026.09.17 10:43:52 INFO  compiling torneo-twenty-one (1 scala source)
2026.09.17 10:43:52 INFO  time: compiled torneo-twenty-one in 81ms
2026.09.17 10:43:55 INFO  compiling torneo-twenty-one (1 scala source)
2026.09.17 10:43:55 INFO  time: compiled torneo-twenty-one in 73ms
2026.09.17 10:43:57 INFO  compiling torneo-twenty-one (1 scala source)
2026.09.17 10:43:57 INFO  time: compiled torneo-twenty-one in 77ms
2026.09.17 10:43:58 INFO  compiling torneo-twenty-one (1 scala source)
2026.09.17 10:43:58 INFO  time: compiled torneo-twenty-one in 85ms
2026.09.17 10:44:06 INFO  compiling torneo-twenty-one (1 scala source)
2026.09.17 10:44:06 INFO  time: compiled torneo-twenty-one in 0.13s
2026.09.17 10:44:20 INFO  compiling torneo-twenty-one (1 scala source)
2026.09.17 10:44:20 INFO  time: compiled torneo-twenty-one in 0.13s
2026.09.17 10:44:25 INFO  compiling torneo-twenty-one (1 scala source)
2026.09.17 10:44:25 INFO  time: compiled torneo-twenty-one in 0.15s
2026.09.17 10:44:33 INFO  compiling torneo-twenty-one (1 scala source)
2026.09.17 10:44:33 INFO  time: compiled torneo-twenty-one in 83ms
2026.09.17 10:44:40 INFO  compiling torneo-twenty-one (1 scala source)
2026.09.17 10:44:40 INFO  time: compiled torneo-twenty-one in 0.13s
sept 17, 2026 10:44:43 A. M. org.eclipse.lsp4j.jsonrpc.RemoteEndpoint handleCancellation
ADVERTENCIA: Unmatched cancel notification for request id 2448
2026.09.17 10:44:50 INFO  compiling torneo-twenty-one (1 scala source)
2026.09.17 10:44:50 INFO  time: compiled torneo-twenty-one in 0.12s
2026.09.17 10:44:56 INFO  compiling torneo-twenty-one (1 scala source)
2026.09.17 10:44:56 INFO  time: compiled torneo-twenty-one in 0.29s
2026.09.17 10:46:25 INFO  compiling torneo-twenty-one (1 scala source)
2026.09.17 10:46:25 INFO  time: compiled torneo-twenty-one in 0.14s
sept 17, 2026 10:46:34 A. M. org.eclipse.lsp4j.jsonrpc.RemoteEndpoint handleCancellation
ADVERTENCIA: Unmatched cancel notification for request id 2614
2026.09.17 10:46:36 INFO  compiling torneo-twenty-one (1 scala source)
2026.09.17 10:46:36 INFO  time: compiled torneo-twenty-one in 81ms
2026.09.17 10:46:38 INFO  compiling torneo-twenty-one (1 scala source)
2026.09.17 10:46:38 INFO  time: compiled torneo-twenty-one in 82ms
2026.09.17 10:47:19 INFO  compiling torneo-twenty-one (1 scala source)
2026.09.17 10:47:19 INFO  time: compiled torneo-twenty-one in 85ms
2026.09.17 10:47:20 INFO  compiling torneo-twenty-one (1 scala source)
2026.09.17 10:47:20 INFO  time: compiled torneo-twenty-one in 81ms
2026.09.17 10:47:22 INFO  compiling torneo-twenty-one (1 scala source)
2026.09.17 10:47:22 INFO  time: compiled torneo-twenty-one in 86ms
2026.09.17 10:47:27 INFO  compiling torneo-twenty-one (1 scala source)
2026.09.17 10:47:27 INFO  time: compiled torneo-twenty-one in 89ms
2026.09.17 10:47:30 INFO  compiling torneo-twenty-one (1 scala source)
2026.09.17 10:47:30 INFO  time: compiled torneo-twenty-one in 0.13s
2026.09.17 10:47:35 INFO  compiling torneo-twenty-one (1 scala source)
2026.09.17 10:47:35 INFO  time: compiled torneo-twenty-one in 0.13s
2026.09.17 10:47:41 INFO  compiling torneo-twenty-one (1 scala source)
2026.09.17 10:47:41 INFO  time: compiled torneo-twenty-one in 84ms
2026.09.17 10:47:43 INFO  compiling torneo-twenty-one (1 scala source)
2026.09.17 10:47:43 INFO  time: compiled torneo-twenty-one in 84ms
2026.09.17 10:47:45 INFO  compiling torneo-twenty-one (1 scala source)
2026.09.17 10:47:45 INFO  time: compiled torneo-twenty-one in 88ms
2026.09.17 10:47:46 INFO  compiling torneo-twenty-one (1 scala source)
2026.09.17 10:47:46 INFO  time: compiled torneo-twenty-one in 82ms
2026.09.17 10:47:48 INFO  compiling torneo-twenty-one (1 scala source)
2026.09.17 10:47:48 INFO  time: compiled torneo-twenty-one in 83ms
2026.09.17 10:47:52 INFO  compiling torneo-twenty-one (1 scala source)
2026.09.17 10:47:52 INFO  time: compiled torneo-twenty-one in 0.13s
2026.09.17 10:47:54 INFO  compiling torneo-twenty-one (1 scala source)
2026.09.17 10:47:54 INFO  time: compiled torneo-twenty-one in 0.13s
2026.09.17 10:47:57 INFO  compiling torneo-twenty-one (1 scala source)
2026.09.17 10:47:57 INFO  time: compiled torneo-twenty-one in 0.13s
2026.09.17 10:48:23 INFO  compiling torneo-twenty-one (1 scala source)
2026.09.17 10:48:23 INFO  time: compiled torneo-twenty-one in 0.14s
2026.09.17 10:48:25 INFO  compiling torneo-twenty-one (1 scala source)
2026.09.17 10:48:25 INFO  time: compiled torneo-twenty-one in 77ms
2026.09.17 10:48:27 INFO  compiling torneo-twenty-one (1 scala source)
2026.09.17 10:48:27 INFO  time: compiled torneo-twenty-one in 76ms
2026.09.17 10:48:29 INFO  compiling torneo-twenty-one (1 scala source)
2026.09.17 10:48:29 INFO  time: compiled torneo-twenty-one in 83ms
2026.09.17 10:48:31 INFO  compiling torneo-twenty-one (1 scala source)
2026.09.17 10:48:31 INFO  time: compiled torneo-twenty-one in 75ms
2026.09.17 10:48:33 INFO  compiling torneo-twenty-one (1 scala source)
2026.09.17 10:48:33 INFO  time: compiled torneo-twenty-one in 76ms
2026.09.17 10:48:51 INFO  compiling torneo-twenty-one (1 scala source)
2026.09.17 10:48:51 INFO  time: compiled torneo-twenty-one in 0.12s
2026.09.17 10:48:53 INFO  compiling torneo-twenty-one (1 scala source)
2026.09.17 10:48:53 INFO  time: compiled torneo-twenty-one in 0.11s
2026.09.17 10:49:01 INFO  compiling torneo-twenty-one (1 scala source)
2026.09.17 10:49:01 INFO  time: compiled torneo-twenty-one in 0.12s
2026.09.17 10:49:06 INFO  compiling torneo-twenty-one (1 scala source)
2026.09.17 10:49:06 INFO  time: compiled torneo-twenty-one in 0.12s
2026.09.17 10:49:07 INFO  compiling torneo-twenty-one (1 scala source)
2026.09.17 10:49:07 INFO  time: compiled torneo-twenty-one in 0.14s
2026.09.17 10:49:11 INFO  compiling torneo-twenty-one (1 scala source)
2026.09.17 10:49:11 INFO  time: compiled torneo-twenty-one in 0.12s
2026.09.17 10:49:12 INFO  compiling torneo-twenty-one (1 scala source)
2026.09.17 10:49:12 INFO  time: compiled torneo-twenty-one in 0.12s
2026.09.17 10:49:15 INFO  compiling torneo-twenty-one (1 scala source)
2026.09.17 10:49:15 INFO  time: compiled torneo-twenty-one in 0.12s
2026.09.17 10:49:17 INFO  compiling torneo-twenty-one (1 scala source)
2026.09.17 10:49:17 INFO  time: compiled torneo-twenty-one in 83ms
2026.09.17 10:49:25 INFO  compiling torneo-twenty-one (1 scala source)
2026.09.17 10:49:25 INFO  time: compiled torneo-twenty-one in 0.13s
2026.09.17 10:50:24 INFO  compiling torneo-twenty-one (1 scala source)
2026.09.17 10:50:24 INFO  time: compiled torneo-twenty-one in 94ms
2026.09.17 10:50:28 INFO  compiling torneo-twenty-one (1 scala source)
2026.09.17 10:50:28 INFO  time: compiled torneo-twenty-one in 0.67s
2026.09.17 10:50:40 INFO  compiling torneo-twenty-one (1 scala source)
2026.09.17 10:50:40 INFO  time: compiled torneo-twenty-one in 0.61s
2026.09.17 10:50:43 INFO  compiling torneo-twenty-one (1 scala source)
2026.09.17 10:50:43 INFO  time: compiled torneo-twenty-one in 0.12s
2026.09.17 10:50:47 INFO  compiling torneo-twenty-one (1 scala source)
2026.09.17 10:50:47 INFO  time: compiled torneo-twenty-one in 0.13s
2026.09.17 10:50:48 INFO  compiling torneo-twenty-one (1 scala source)
2026.09.17 10:50:48 INFO  time: compiled torneo-twenty-one in 0.67s
2026.09.17 10:51:00 INFO  compiling torneo-twenty-one (1 scala source)
2026.09.17 10:51:00 INFO  time: compiled torneo-twenty-one in 0.61s
2026.09.17 10:51:03 INFO  compiling torneo-twenty-one (1 scala source)
2026.09.17 10:51:03 INFO  time: compiled torneo-twenty-one in 0.63s
2026.09.17 10:51:06 INFO  compiling torneo-twenty-one (1 scala source)
2026.09.17 10:51:06 WARN  one deprecation (since 2.11.0); re-run with -deprecation for details
2026.09.17 10:51:06 INFO  time: compiled torneo-twenty-one in 0.65s
2026.09.17 10:51:08 INFO  compiling torneo-twenty-one (1 scala source)
2026.09.17 10:51:08 INFO  time: compiled torneo-twenty-one in 0.66s
2026.09.17 10:51:13 INFO  compiling torneo-twenty-one (1 scala source)
2026.09.17 10:51:13 INFO  time: compiled torneo-twenty-one in 0.12s
2026.09.17 10:51:16 INFO  compiling torneo-twenty-one (1 scala source)
2026.09.17 10:51:16 INFO  time: compiled torneo-twenty-one in 0.12s
2026.09.17 10:51:19 INFO  compiling torneo-twenty-one (1 scala source)
2026.09.17 10:51:19 INFO  time: compiled torneo-twenty-one in 0.61s
2026.09.17 10:51:36 INFO  Tracing is disabled for protocol dap-server. To enable tracing of incoming and outgoing JSON messages, create an empty file at C:\Users\AlumnoM_AI\Documents\ProyectosTajamar\parte3\3.1 Visual Studio Code + Metals + sbt\torneo-twenty-one\.metals\dap-server.trace.json or C:\Users\AlumnoM_AI\AppData\Local\scalameta\metals\cache\dap-server.trace.json
2026.09.17 10:51:36 INFO  Tracing is disabled for protocol dap-client. To enable tracing of incoming and outgoing JSON messages, create an empty file at C:\Users\AlumnoM_AI\Documents\ProyectosTajamar\parte3\3.1 Visual Studio Code + Metals + sbt\torneo-twenty-one\.metals\dap-client.trace.json or C:\Users\AlumnoM_AI\AppData\Local\scalameta\metals\cache\dap-client.trace.json
2026.09.17 10:51:37 INFO  Starting debug proxy for [Main]
2026.09.17 10:51:37 INFO  Loaded expression compiler in 0 milliseconds
2026.09.17 10:51:38 INFO  Loaded all sources and classes in 1 second
2026.09.17 10:51:38 INFO  Initialized Scala 3 decoder in 1 millisecond
2026.09.17 10:51:38 INFO  Trying to attach to remote debuggee VM kubernetes.docker.internal:57823 .
2026.09.17 10:51:38 INFO  Attaching to debuggee VM succeeded.
2026.09.17 10:51:39 INFO  Canceling debug proxy for [Main]
2026.09.17 10:51:38 INFO  Closing debug server tcp://0.0.0.0:57821
2026.09.17 10:52:02 INFO  compiling torneo-twenty-one (1 scala source)
2026.09.17 10:52:02 INFO  time: compiled torneo-twenty-one in 0.61s
2026.09.17 10:52:08 INFO  compiling torneo-twenty-one (1 scala source)
2026.09.17 10:52:08 INFO  time: compiled torneo-twenty-one in 0.65s
2026.09.17 10:52:15 INFO  compiling torneo-twenty-one (1 scala source)
2026.09.17 10:52:15 INFO  time: compiled torneo-twenty-one in 0.7s
2026.09.17 10:52:18 INFO  compiling torneo-twenty-one (1 scala source)
2026.09.17 10:52:18 INFO  time: compiled torneo-twenty-one in 0.65s
2026.09.17 10:52:21 INFO  Tracing is disabled for protocol dap-server. To enable tracing of incoming and outgoing JSON messages, create an empty file at C:\Users\AlumnoM_AI\Documents\ProyectosTajamar\parte3\3.1 Visual Studio Code + Metals + sbt\torneo-twenty-one\.metals\dap-server.trace.json or C:\Users\AlumnoM_AI\AppData\Local\scalameta\metals\cache\dap-server.trace.json
2026.09.17 10:52:21 INFO  Tracing is disabled for protocol dap-client. To enable tracing of incoming and outgoing JSON messages, create an empty file at C:\Users\AlumnoM_AI\Documents\ProyectosTajamar\parte3\3.1 Visual Studio Code + Metals + sbt\torneo-twenty-one\.metals\dap-client.trace.json or C:\Users\AlumnoM_AI\AppData\Local\scalameta\metals\cache\dap-client.trace.json
2026.09.17 10:52:21 INFO  Starting debug proxy for [Main]
2026.09.17 10:52:21 INFO  Loaded expression compiler in 0 milliseconds
2026.09.17 10:52:22 INFO  Loaded all sources and classes in 1 second
2026.09.17 10:52:22 INFO  Initialized Scala 3 decoder in 0 milliseconds
2026.09.17 10:52:22 INFO  Trying to attach to remote debuggee VM kubernetes.docker.internal:55026 .
2026.09.17 10:52:22 INFO  Attaching to debuggee VM succeeded.
2026.09.17 10:52:23 INFO  Canceling debug proxy for [Main]
2026.09.17 10:52:22 INFO  Closing debug server tcp://0.0.0.0:55024
2026.09.17 10:53:32 INFO  compiling torneo-twenty-one (1 scala source)
2026.09.17 10:53:32 INFO  time: compiled torneo-twenty-one in 0.68s
2026.09.17 10:53:35 INFO  compiling torneo-twenty-one (1 scala source)
2026.09.17 10:53:35 INFO  time: compiled torneo-twenty-one in 0.67s
2026.09.17 10:53:40 INFO  compiling torneo-twenty-one (1 scala source)
2026.09.17 10:53:40 INFO  time: compiled torneo-twenty-one in 0.57s
2026.09.17 10:53:44 INFO  compiling torneo-twenty-one (1 scala source)
2026.09.17 10:53:44 INFO  time: compiled torneo-twenty-one in 78ms
2026.09.17 10:53:46 INFO  compiling torneo-twenty-one (1 scala source)
2026.09.17 10:53:46 INFO  time: compiled torneo-twenty-one in 0.66s
2026.09.17 10:53:47 INFO  compiling torneo-twenty-one (1 scala source)
2026.09.17 10:53:47 INFO  time: compiled torneo-twenty-one in 0.22s
2026.09.17 10:53:49 INFO  compiling torneo-twenty-one (1 scala source)
2026.09.17 10:53:49 INFO  time: compiled torneo-twenty-one in 86ms
2026.09.17 10:53:51 INFO  compiling torneo-twenty-one (1 scala source)
2026.09.17 10:53:51 INFO  time: compiled torneo-twenty-one in 81ms
2026.09.17 10:53:52 INFO  compiling torneo-twenty-one (1 scala source)
2026.09.17 10:53:52 INFO  time: compiled torneo-twenty-one in 87ms
2026.09.17 10:53:53 INFO  compiling torneo-twenty-one (1 scala source)
2026.09.17 10:53:53 INFO  time: compiled torneo-twenty-one in 57ms
2026.09.17 10:53:55 INFO  compiling torneo-twenty-one (1 scala source)
2026.09.17 10:53:55 INFO  time: compiled torneo-twenty-one in 90ms
sept 17, 2026 10:53:55 A. M. org.eclipse.lsp4j.jsonrpc.RemoteEndpoint handleCancellation
ADVERTENCIA: Unmatched cancel notification for request id 3931
2026.09.17 10:53:57 INFO  compiling torneo-twenty-one (1 scala source)
2026.09.17 10:53:57 INFO  time: compiled torneo-twenty-one in 79ms
2026.09.17 10:54:10 INFO  compiling torneo-twenty-one (1 scala source)
2026.09.17 10:54:10 INFO  time: compiled torneo-twenty-one in 89ms
2026.09.17 10:54:12 INFO  compiling torneo-twenty-one (1 scala source)
2026.09.17 10:54:12 INFO  time: compiled torneo-twenty-one in 86ms
sept 17, 2026 10:54:14 A. M. org.eclipse.lsp4j.jsonrpc.RemoteEndpoint handleCancellation
ADVERTENCIA: Unmatched cancel notification for request id 4002
sept 17, 2026 10:54:14 A. M. org.eclipse.lsp4j.jsonrpc.RemoteEndpoint handleCancellation
ADVERTENCIA: Unmatched cancel notification for request id 4003
2026.09.17 10:54:16 INFO  compiling torneo-twenty-one (1 scala source)
2026.09.17 10:54:16 INFO  time: compiled torneo-twenty-one in 99ms
2026.09.17 10:54:18 INFO  compiling torneo-twenty-one (1 scala source)
2026.09.17 10:54:18 INFO  time: compiled torneo-twenty-one in 88ms
2026.09.17 10:54:22 INFO  compiling torneo-twenty-one (1 scala source)
2026.09.17 10:54:22 INFO  time: compiled torneo-twenty-one in 0.16s
2026.09.17 10:54:24 INFO  compiling torneo-twenty-one (1 scala source)
2026.09.17 10:54:24 INFO  time: compiled torneo-twenty-one in 0.12s
2026.09.17 10:54:27 INFO  compiling torneo-twenty-one (1 scala source)
2026.09.17 10:54:27 INFO  time: compiled torneo-twenty-one in 0.13s
2026.09.17 10:54:29 INFO  compiling torneo-twenty-one (1 scala source)
2026.09.17 10:54:29 INFO  time: compiled torneo-twenty-one in 0.12s
2026.09.17 10:54:48 INFO  compiling torneo-twenty-one (1 scala source)
2026.09.17 10:54:48 INFO  time: compiled torneo-twenty-one in 0.13s
2026.09.17 10:54:51 INFO  compiling torneo-twenty-one (1 scala source)
2026.09.17 10:54:51 INFO  time: compiled torneo-twenty-one in 0.12s
2026.09.17 10:54:54 INFO  compiling torneo-twenty-one (1 scala source)
2026.09.17 10:54:54 INFO  time: compiled torneo-twenty-one in 0.12s
2026.09.17 10:56:18 INFO  compiling torneo-twenty-one (1 scala source)
2026.09.17 10:56:18 INFO  time: compiled torneo-twenty-one in 0.12s
2026.09.17 10:56:25 INFO  compiling torneo-twenty-one (1 scala source)
2026.09.17 10:56:25 INFO  time: compiled torneo-twenty-one in 0.63s
2026.09.17 10:56:30 INFO  compiling torneo-twenty-one (1 scala source)
2026.09.17 10:56:30 INFO  time: compiled torneo-twenty-one in 81ms
sept 17, 2026 10:56:34 A. M. org.eclipse.lsp4j.jsonrpc.RemoteEndpoint handleCancellation
ADVERTENCIA: Unmatched cancel notification for request id 4353
2026.09.17 10:56:35 INFO  compiling torneo-twenty-one (1 scala source)
2026.09.17 10:56:35 INFO  time: compiled torneo-twenty-one in 88ms
2026.09.17 10:56:36 INFO  compiling torneo-twenty-one (1 scala source)
2026.09.17 10:56:36 INFO  time: compiled torneo-twenty-one in 79ms
sept 17, 2026 10:56:51 A. M. org.eclipse.lsp4j.jsonrpc.RemoteEndpoint handleCancellation
ADVERTENCIA: Unmatched cancel notification for request id 4395
2026.09.17 10:56:53 INFO  compiling torneo-twenty-one (1 scala source)
2026.09.17 10:56:53 INFO  time: compiled torneo-twenty-one in 0.58s
2026.09.17 10:56:55 INFO  compiling torneo-twenty-one (1 scala source)
2026.09.17 10:56:55 INFO  time: compiled torneo-twenty-one in 0.11s
2026.09.17 10:56:56 INFO  compiling torneo-twenty-one (1 scala source)
2026.09.17 10:56:56 INFO  time: compiled torneo-twenty-one in 0.6s
2026.09.17 10:57:05 INFO  compiling torneo-twenty-one (1 scala source)
2026.09.17 10:57:05 INFO  time: compiled torneo-twenty-one in 0.1s
2026.09.17 10:57:09 INFO  compiling torneo-twenty-one (1 scala source)
2026.09.17 10:57:09 INFO  time: compiled torneo-twenty-one in 0.12s
2026.09.17 10:57:11 INFO  compiling torneo-twenty-one (1 scala source)
2026.09.17 10:57:11 INFO  time: compiled torneo-twenty-one in 0.64s
2026.09.17 10:57:13 INFO  compiling torneo-twenty-one (1 scala source)
2026.09.17 10:57:13 INFO  time: compiled torneo-twenty-one in 0.62s
sept 17, 2026 10:57:14 A. M. org.eclipse.lsp4j.jsonrpc.RemoteEndpoint handleCancellation
ADVERTENCIA: Unmatched cancel notification for request id 4629
2026.09.17 10:57:16 INFO  compiling torneo-twenty-one (1 scala source)
2026.09.17 10:57:16 INFO  time: compiled torneo-twenty-one in 79ms
2026.09.17 10:57:25 INFO  compiling torneo-twenty-one (1 scala source)
2026.09.17 10:57:25 INFO  time: compiled torneo-twenty-one in 82ms
2026.09.17 10:57:30 INFO  compiling torneo-twenty-one (1 scala source)
2026.09.17 10:57:30 INFO  time: compiled torneo-twenty-one in 0.1s
2026.09.17 10:57:33 INFO  compiling torneo-twenty-one (1 scala source)
2026.09.17 10:57:33 INFO  time: compiled torneo-twenty-one in 99ms
2026.09.17 10:57:35 INFO  compiling torneo-twenty-one (1 scala source)
2026.09.17 10:57:35 INFO  time: compiled torneo-twenty-one in 89ms
2026.09.17 10:57:37 INFO  compiling torneo-twenty-one (1 scala source)
2026.09.17 10:57:37 INFO  time: compiled torneo-twenty-one in 0.11s
sept 17, 2026 10:57:43 A. M. org.eclipse.lsp4j.jsonrpc.RemoteEndpoint handleCancellation
ADVERTENCIA: Unmatched cancel notification for request id 4772
2026.09.17 10:57:45 INFO  compiling torneo-twenty-one (1 scala source)
2026.09.17 10:57:45 INFO  time: compiled torneo-twenty-one in 0.1s
2026.09.17 10:57:46 INFO  compiling torneo-twenty-one (1 scala source)
2026.09.17 10:57:46 INFO  time: compiled torneo-twenty-one in 98ms
2026.09.17 10:57:48 INFO  compiling torneo-twenty-one (1 scala source)
2026.09.17 10:57:48 INFO  time: compiled torneo-twenty-one in 0.1s
2026.09.17 10:57:51 INFO  compiling torneo-twenty-one (1 scala source)
2026.09.17 10:57:51 INFO  time: compiled torneo-twenty-one in 0.11s
2026.09.17 10:57:58 INFO  compiling torneo-twenty-one (1 scala source)
2026.09.17 10:57:58 INFO  time: compiled torneo-twenty-one in 0.62s
2026.09.17 10:58:11 INFO  compiling torneo-twenty-one (1 scala source)
2026.09.17 10:58:11 INFO  time: compiled torneo-twenty-one in 0.58s
2026.09.17 10:59:15 INFO  compiling torneo-twenty-one (1 scala source)
2026.09.17 10:59:15 INFO  time: compiled torneo-twenty-one in 0.68s
2026.09.17 10:59:17 INFO  compiling torneo-twenty-one (1 scala source)
2026.09.17 10:59:17 INFO  time: compiled torneo-twenty-one in 0.11s
2026.09.17 10:59:20 INFO  compiling torneo-twenty-one (1 scala source)
2026.09.17 10:59:20 INFO  time: compiled torneo-twenty-one in 0.56s
2026.09.17 10:59:23 INFO  compiling torneo-twenty-one (1 scala source)
2026.09.17 10:59:23 INFO  time: compiled torneo-twenty-one in 0.62s
2026.09.17 10:59:28 INFO  compiling torneo-twenty-one (1 scala source)
2026.09.17 10:59:28 INFO  time: compiled torneo-twenty-one in 0.1s
2026.09.17 10:59:30 INFO  compiling torneo-twenty-one (1 scala source)
2026.09.17 10:59:30 INFO  time: compiled torneo-twenty-one in 0.56s
sept 17, 2026 10:59:33 A. M. org.eclipse.lsp4j.jsonrpc.RemoteEndpoint handleCancellation
ADVERTENCIA: Unmatched cancel notification for request id 5043
2026.09.17 10:59:35 INFO  compiling torneo-twenty-one (1 scala source)
2026.09.17 10:59:35 INFO  time: compiled torneo-twenty-one in 0.56s
2026.09.17 10:59:37 INFO  compiling torneo-twenty-one (1 scala source)
2026.09.17 10:59:37 INFO  time: compiled torneo-twenty-one in 0.59s
2026.09.17 10:59:40 INFO  compiling torneo-twenty-one (1 scala source)
2026.09.17 10:59:40 INFO  time: compiled torneo-twenty-one in 92ms
2026.09.17 10:59:43 INFO  compiling torneo-twenty-one (1 scala source)
2026.09.17 10:59:43 INFO  time: compiled torneo-twenty-one in 0.65s
sept 17, 2026 10:59:45 A. M. org.eclipse.lsp4j.jsonrpc.RemoteEndpoint handleCancellation
ADVERTENCIA: Unmatched cancel notification for request id 5139
sept 17, 2026 10:59:45 A. M. org.eclipse.lsp4j.jsonrpc.RemoteEndpoint handleCancellation
ADVERTENCIA: Unmatched cancel notification for request id 5143
sept 17, 2026 10:59:47 A. M. org.eclipse.lsp4j.jsonrpc.RemoteEndpoint handleCancellation
ADVERTENCIA: Unmatched cancel notification for request id 5165
2026.09.17 10:59:49 INFO  compiling torneo-twenty-one (1 scala source)
2026.09.17 10:59:49 INFO  time: compiled torneo-twenty-one in 0.61s
2026.09.17 10:59:51 INFO  compiling torneo-twenty-one (1 scala source)
2026.09.17 10:59:51 INFO  time: compiled torneo-twenty-one in 87ms
2026.09.17 10:59:54 INFO  compiling torneo-twenty-one (1 scala source)
2026.09.17 10:59:54 INFO  time: compiled torneo-twenty-one in 0.58s
2026.09.17 10:59:59 INFO  compiling torneo-twenty-one (1 scala source)
2026.09.17 10:59:59 INFO  time: compiled torneo-twenty-one in 0.58s
2026.09.17 11:00:02 INFO  compiling torneo-twenty-one (1 scala source)
2026.09.17 11:00:02 INFO  time: compiled torneo-twenty-one in 84ms
2026.09.17 11:00:03 INFO  compiling torneo-twenty-one (1 scala source)
2026.09.17 11:00:03 INFO  time: compiled torneo-twenty-one in 0.1s
2026.09.17 11:00:06 INFO  compiling torneo-twenty-one (1 scala source)
2026.09.17 11:00:06 INFO  time: compiled torneo-twenty-one in 0.7s
2026.09.17 11:00:10 INFO  compiling torneo-twenty-one (1 scala source)
2026.09.17 11:00:10 INFO  time: compiled torneo-twenty-one in 0.6s
2026.09.17 11:00:40 INFO  compiling torneo-twenty-one (1 scala source)
2026.09.17 11:00:40 INFO  time: compiled torneo-twenty-one in 82ms
2026.09.17 11:00:41 INFO  compiling torneo-twenty-one (1 scala source)
2026.09.17 11:00:41 INFO  time: compiled torneo-twenty-one in 0.6s
2026.09.17 11:00:43 INFO  compiling torneo-twenty-one (1 scala source)
2026.09.17 11:00:43 INFO  time: compiled torneo-twenty-one in 0.58s
2026.09.17 11:00:58 INFO  Tracing is disabled for protocol dap-server. To enable tracing of incoming and outgoing JSON messages, create an empty file at C:\Users\AlumnoM_AI\Documents\ProyectosTajamar\parte3\3.1 Visual Studio Code + Metals + sbt\torneo-twenty-one\.metals\dap-server.trace.json or C:\Users\AlumnoM_AI\AppData\Local\scalameta\metals\cache\dap-server.trace.json
2026.09.17 11:00:58 INFO  Tracing is disabled for protocol dap-client. To enable tracing of incoming and outgoing JSON messages, create an empty file at C:\Users\AlumnoM_AI\Documents\ProyectosTajamar\parte3\3.1 Visual Studio Code + Metals + sbt\torneo-twenty-one\.metals\dap-client.trace.json or C:\Users\AlumnoM_AI\AppData\Local\scalameta\metals\cache\dap-client.trace.json
2026.09.17 11:00:58 INFO  Starting debug proxy for [Main]
2026.09.17 11:00:58 INFO  Loaded expression compiler in 0 milliseconds
2026.09.17 11:01:00 INFO  Loaded all sources and classes in 1 second
2026.09.17 11:01:00 INFO  Initialized Scala 3 decoder in 0 milliseconds
2026.09.17 11:01:00 INFO  Trying to attach to remote debuggee VM kubernetes.docker.internal:62806 .
2026.09.17 11:01:00 INFO  Attaching to debuggee VM succeeded.
2026.09.17 11:01:00 INFO  Canceling debug proxy for [Main]
2026.09.17 11:01:00 INFO  Closing debug server tcp://0.0.0.0:62804
2026.09.17 11:01:11 INFO  compiling torneo-twenty-one (1 scala source)
2026.09.17 11:01:11 INFO  time: compiled torneo-twenty-one in 0.57s
2026.09.17 11:01:15 INFO  Tracing is disabled for protocol dap-server. To enable tracing of incoming and outgoing JSON messages, create an empty file at C:\Users\AlumnoM_AI\Documents\ProyectosTajamar\parte3\3.1 Visual Studio Code + Metals + sbt\torneo-twenty-one\.metals\dap-server.trace.json or C:\Users\AlumnoM_AI\AppData\Local\scalameta\metals\cache\dap-server.trace.json
2026.09.17 11:01:15 INFO  Tracing is disabled for protocol dap-client. To enable tracing of incoming and outgoing JSON messages, create an empty file at C:\Users\AlumnoM_AI\Documents\ProyectosTajamar\parte3\3.1 Visual Studio Code + Metals + sbt\torneo-twenty-one\.metals\dap-client.trace.json or C:\Users\AlumnoM_AI\AppData\Local\scalameta\metals\cache\dap-client.trace.json
2026.09.17 11:01:15 INFO  Starting debug proxy for [Main]
2026.09.17 11:01:15 INFO  Loaded expression compiler in 0 milliseconds
2026.09.17 11:01:15 INFO  Loaded all sources and classes in 972 milliseconds
2026.09.17 11:01:15 INFO  Initialized Scala 3 decoder in 0 milliseconds
2026.09.17 11:01:15 INFO  Trying to attach to remote debuggee VM kubernetes.docker.internal:62819 .
2026.09.17 11:01:15 INFO  Attaching to debuggee VM succeeded.
2026.09.17 11:01:17 INFO  Canceling debug proxy for [Main]
2026.09.17 11:01:17 INFO  Closing debug server tcp://0.0.0.0:62817
2026.09.17 11:02:43 INFO  compiling torneo-twenty-one (1 scala source)
2026.09.17 11:02:43 INFO  time: compiled torneo-twenty-one in 0.63s
2026.09.17 11:02:45 INFO  compiling torneo-twenty-one (1 scala source)
2026.09.17 11:02:45 INFO  time: compiled torneo-twenty-one in 0.61s
2026.09.17 11:05:10 INFO  compiling torneo-twenty-one (1 scala source)
2026.09.17 11:05:10 INFO  time: compiled torneo-twenty-one in 0.63s
2026.09.17 11:05:51 INFO  compiling torneo-twenty-one (1 scala source)
2026.09.17 11:05:51 INFO  time: compiled torneo-twenty-one in 0.11s
2026.09.17 11:05:53 INFO  compiling torneo-twenty-one (1 scala source)
2026.09.17 11:05:53 INFO  time: compiled torneo-twenty-one in 0.59s
2026.09.17 11:06:03 INFO  compiling torneo-twenty-one (1 scala source)
2026.09.17 11:06:03 INFO  time: compiled torneo-twenty-one in 0.59s
2026.09.17 11:06:06 INFO  compiling torneo-twenty-one (1 scala source)
2026.09.17 11:06:06 INFO  time: compiled torneo-twenty-one in 91ms
sept 17, 2026 11:06:08 A. M. org.eclipse.lsp4j.jsonrpc.RemoteEndpoint handleCancellation
ADVERTENCIA: Unmatched cancel notification for request id 5579
2026.09.17 11:06:09 INFO  compiling torneo-twenty-one (1 scala source)
2026.09.17 11:06:09 INFO  time: compiled torneo-twenty-one in 0.6s
2026.09.17 11:06:17 INFO  compiling torneo-twenty-one (1 scala source)
2026.09.17 11:06:17 INFO  time: compiled torneo-twenty-one in 0.63s
2026.09.17 11:06:21 INFO  compiling torneo-twenty-one (1 scala source)
2026.09.17 11:06:21 INFO  time: compiled torneo-twenty-one in 0.63s
2026.09.17 11:06:31 INFO  compiling torneo-twenty-one (1 scala source)
2026.09.17 11:06:31 INFO  time: compiled torneo-twenty-one in 0.57s
2026.09.17 11:06:35 INFO  compiling torneo-twenty-one (1 scala source)
2026.09.17 11:06:35 INFO  time: compiled torneo-twenty-one in 0.65s
2026.09.17 11:06:38 INFO  compiling torneo-twenty-one (1 scala source)
2026.09.17 11:06:38 INFO  time: compiled torneo-twenty-one in 0.59s
2026.09.17 11:06:45 INFO  compiling torneo-twenty-one (1 scala source)
2026.09.17 11:06:45 INFO  time: compiled torneo-twenty-one in 0.61s
2026.09.17 11:06:48 INFO  compiling torneo-twenty-one (1 scala source)
2026.09.17 11:06:48 INFO  time: compiled torneo-twenty-one in 0.63s
2026.09.17 11:06:51 INFO  compiling torneo-twenty-one (1 scala source)
2026.09.17 11:06:51 INFO  time: compiled torneo-twenty-one in 0.58s
2026.09.17 11:06:56 INFO  compiling torneo-twenty-one (1 scala source)
2026.09.17 11:06:56 INFO  time: compiled torneo-twenty-one in 0.6s
2026.09.17 11:06:59 INFO  compiling torneo-twenty-one (1 scala source)
2026.09.17 11:06:59 INFO  time: compiled torneo-twenty-one in 0.57s
2026.09.17 11:07:03 INFO  compiling torneo-twenty-one (1 scala source)
2026.09.17 11:07:03 INFO  time: compiled torneo-twenty-one in 0.11s
2026.09.17 11:07:04 INFO  compiling torneo-twenty-one (1 scala source)
2026.09.17 11:07:04 INFO  time: compiled torneo-twenty-one in 83ms
2026.09.17 11:07:07 INFO  compiling torneo-twenty-one (1 scala source)
2026.09.17 11:07:07 INFO  time: compiled torneo-twenty-one in 0.1s
2026.09.17 11:07:09 INFO  compiling torneo-twenty-one (1 scala source)
2026.09.17 11:07:09 INFO  time: compiled torneo-twenty-one in 0.66s
2026.09.17 11:07:12 INFO  compiling torneo-twenty-one (1 scala source)
2026.09.17 11:07:12 INFO  time: compiled torneo-twenty-one in 0.58s
2026.09.17 11:07:17 INFO  compiling torneo-twenty-one (1 scala source)
2026.09.17 11:07:17 INFO  time: compiled torneo-twenty-one in 0.59s
2026.09.17 11:07:21 INFO  compiling torneo-twenty-one (1 scala source)
2026.09.17 11:07:21 INFO  time: compiled torneo-twenty-one in 0.11s
2026.09.17 11:07:23 INFO  compiling torneo-twenty-one (1 scala source)
2026.09.17 11:07:23 INFO  time: compiled torneo-twenty-one in 0.7s
2026.09.17 11:08:02 INFO  compiling torneo-twenty-one (1 scala source)
2026.09.17 11:08:02 INFO  time: compiled torneo-twenty-one in 0.13s
2026.09.17 11:08:03 INFO  compiling torneo-twenty-one (1 scala source)
2026.09.17 11:08:03 INFO  time: compiled torneo-twenty-one in 0.65s
2026.09.17 11:08:14 INFO  compiling torneo-twenty-one (1 scala source)
2026.09.17 11:08:14 INFO  time: compiled torneo-twenty-one in 0.6s
2026.09.17 11:08:17 INFO  compiling torneo-twenty-one (1 scala source)
2026.09.17 11:08:17 INFO  time: compiled torneo-twenty-one in 0.62s
2026.09.17 11:08:19 INFO  compiling torneo-twenty-one (1 scala source)
2026.09.17 11:08:19 INFO  time: compiled torneo-twenty-one in 0.65s
2026.09.17 11:08:21 INFO  compiling torneo-twenty-one (1 scala source)
2026.09.17 11:08:21 INFO  time: compiled torneo-twenty-one in 88ms
2026.09.17 11:08:30 INFO  compiling torneo-twenty-one (1 scala source)
2026.09.17 11:08:30 INFO  time: compiled torneo-twenty-one in 0.14s
2026.09.17 11:08:32 INFO  compiling torneo-twenty-one (1 scala source)
2026.09.17 11:08:32 INFO  time: compiled torneo-twenty-one in 0.1s
2026.09.17 11:08:35 INFO  compiling torneo-twenty-one (1 scala source)
2026.09.17 11:08:35 INFO  time: compiled torneo-twenty-one in 0.12s
2026.09.17 11:08:57 INFO  compiling torneo-twenty-one (1 scala source)
2026.09.17 11:08:57 INFO  time: compiled torneo-twenty-one in 0.66s
2026.09.17 11:09:00 INFO  compiling torneo-twenty-one (1 scala source)
2026.09.17 11:09:00 INFO  time: compiled torneo-twenty-one in 0.65s
2026.09.17 11:09:02 INFO  compiling torneo-twenty-one (1 scala source)
2026.09.17 11:09:02 INFO  time: compiled torneo-twenty-one in 0.29s
2026.09.17 11:09:08 INFO  compiling torneo-twenty-one (1 scala source)
2026.09.17 11:09:08 INFO  time: compiled torneo-twenty-one in 0.65s
2026.09.17 11:09:11 INFO  compiling torneo-twenty-one (1 scala source)
2026.09.17 11:09:11 INFO  time: compiled torneo-twenty-one in 0.67s
2026.09.17 11:09:15 INFO  compiling torneo-twenty-one (1 scala source)
2026.09.17 11:09:15 INFO  time: compiled torneo-twenty-one in 0.57s
sept 17, 2026 11:09:31 A. M. org.eclipse.lsp4j.jsonrpc.RemoteEndpoint handleCancellation
ADVERTENCIA: Unmatched cancel notification for request id 6354
2026.09.17 11:09:33 INFO  compiling torneo-twenty-one (1 scala source)
2026.09.17 11:09:33 INFO  time: compiled torneo-twenty-one in 0.59s
2026.09.17 11:09:34 INFO  compiling torneo-twenty-one (1 scala source)
2026.09.17 11:09:34 INFO  time: compiled torneo-twenty-one in 0.19s
2026.09.17 11:09:44 INFO  compiling torneo-twenty-one (1 scala source)
2026.09.17 11:09:44 INFO  time: compiled torneo-twenty-one in 97ms
sept 17, 2026 11:09:58 A. M. org.eclipse.lsp4j.jsonrpc.RemoteEndpoint handleCancellation
ADVERTENCIA: Unmatched cancel notification for request id 6485
2026.09.17 11:10:03 INFO  compiling torneo-twenty-one (1 scala source)
2026.09.17 11:10:03 INFO  time: compiled torneo-twenty-one in 99ms
2026.09.17 11:10:07 INFO  compiling torneo-twenty-one (1 scala source)
2026.09.17 11:10:07 INFO  time: compiled torneo-twenty-one in 95ms
2026.09.17 11:10:13 INFO  Created report: Optional[file:///C:/Users/AlumnoM_AI/Documents/ProyectosTajamar/parte3/3.1%20Visual%20Studio%20Code%20+%20Metals%20+%20sbt/torneo-twenty-one/src/main/scala/Main.scala]
2026.09.17 11:10:13 INFO  empty definition using pc, found symbol in pc:  (full report at: "C:\Users\AlumnoM_AI\Documents\ProyectosTajamar\parte3\3.1 Visual Studio Code + Metals + sbt\torneo-twenty-one\.metals\.reports\metals-full\2026-09-17\r_empty-definition_(torneo-twenty-one)_11-10-13-722.md")
2026.09.17 11:10:14 INFO  Created report: Optional[file:///C:/Users/AlumnoM_AI/Documents/ProyectosTajamar/parte3/3.1%20Visual%20Studio%20Code%20+%20Metals%20+%20sbt/torneo-twenty-one/src/main/scala/Main.scala]
2026.09.17 11:10:14 INFO  empty definition using pc, found symbol in pc:  (full report at: "C:\Users\AlumnoM_AI\Documents\ProyectosTajamar\parte3\3.1 Visual Studio Code + Metals + sbt\torneo-twenty-one\.metals\.reports\metals-full\2026-09-17\r_empty-definition_(torneo-twenty-one)_11-10-14-222.md")
2026.09.17 11:10:16 INFO  compiling torneo-twenty-one (1 scala source)
2026.09.17 11:10:16 INFO  time: compiled torneo-twenty-one in 0.15s
2026.09.17 11:10:17 INFO  compiling torneo-twenty-one (1 scala source)
2026.09.17 11:10:17 INFO  time: compiled torneo-twenty-one in 82ms
2026.09.17 11:10:20 INFO  compiling torneo-twenty-one (1 scala source)
2026.09.17 11:10:20 INFO  time: compiled torneo-twenty-one in 98ms
sept 17, 2026 11:10:39 A. M. org.eclipse.lsp4j.jsonrpc.RemoteEndpoint handleCancellation
ADVERTENCIA: Unmatched cancel notification for request id 6639
2026.09.17 11:10:43 INFO  compiling torneo-twenty-one (1 scala source)
2026.09.17 11:10:43 INFO  time: compiled torneo-twenty-one in 97ms
2026.09.17 11:10:47 INFO  Created report: Optional[file:///C:/Users/AlumnoM_AI/Documents/ProyectosTajamar/parte3/3.1%20Visual%20Studio%20Code%20+%20Metals%20+%20sbt/torneo-twenty-one/src/main/scala/Main.scala]
2026.09.17 11:10:47 INFO  empty definition using pc, found symbol in pc:  (full report at: "C:\Users\AlumnoM_AI\Documents\ProyectosTajamar\parte3\3.1 Visual Studio Code + Metals + sbt\torneo-twenty-one\.metals\.reports\metals-full\2026-09-17\r_empty-definition_(torneo-twenty-one)_11-10-47-706.md")
2026.09.17 11:10:47 INFO  empty definition using pc, found symbol in pc:  (full report at: "C:\Users\AlumnoM_AI\Documents\ProyectosTajamar\parte3\3.1 Visual Studio Code + Metals + sbt\torneo-twenty-one\.metals\.reports\metals-full\2026-09-17\r_empty-definition_(torneo-twenty-one)_11-10-47-706.md")
2026.09.17 11:10:50 INFO  compiling torneo-twenty-one (1 scala source)
2026.09.17 11:10:50 INFO  time: compiled torneo-twenty-one in 0.1s
2026.09.17 11:10:58 INFO  compiling torneo-twenty-one (1 scala source)
2026.09.17 11:10:58 INFO  time: compiled torneo-twenty-one in 98ms
2026.09.17 11:11:00 INFO  compiling torneo-twenty-one (1 scala source)
2026.09.17 11:11:00 INFO  time: compiled torneo-twenty-one in 92ms
2026.09.17 11:11:03 INFO  compiling torneo-twenty-one (1 scala source)
2026.09.17 11:11:03 INFO  time: compiled torneo-twenty-one in 99ms
2026.09.17 11:11:10 INFO  compiling torneo-twenty-one (1 scala source)
2026.09.17 11:11:10 INFO  time: compiled torneo-twenty-one in 0.12s
2026.09.17 11:11:14 INFO  compiling torneo-twenty-one (1 scala source)
2026.09.17 11:11:14 INFO  time: compiled torneo-twenty-one in 95ms
2026.09.17 11:11:19 INFO  compiling torneo-twenty-one (1 scala source)
2026.09.17 11:11:19 INFO  time: compiled torneo-twenty-one in 97ms
2026.09.17 11:11:25 INFO  compiling torneo-twenty-one (1 scala source)
2026.09.17 11:11:25 INFO  time: compiled torneo-twenty-one in 0.11s
2026.09.17 11:11:31 INFO  compiling torneo-twenty-one (1 scala source)
2026.09.17 11:11:31 INFO  time: compiled torneo-twenty-one in 0.11s
2026.09.17 11:11:36 INFO  compiling torneo-twenty-one (1 scala source)
2026.09.17 11:11:36 INFO  time: compiled torneo-twenty-one in 0.1s
2026.09.17 11:11:37 INFO  compiling torneo-twenty-one (1 scala source)
2026.09.17 11:11:37 INFO  time: compiled torneo-twenty-one in 99ms
2026.09.17 11:12:04 INFO  Created report: Optional[file:///C:/Users/AlumnoM_AI/Documents/ProyectosTajamar/parte3/3.1%20Visual%20Studio%20Code%20+%20Metals%20+%20sbt/torneo-twenty-one/src/main/scala/Main.scala]
2026.09.17 11:12:04 INFO  empty definition using pc, found symbol in pc:  (full report at: "C:\Users\AlumnoM_AI\Documents\ProyectosTajamar\parte3\3.1 Visual Studio Code + Metals + sbt\torneo-twenty-one\.metals\.reports\metals-full\2026-09-17\r_empty-definition_(torneo-twenty-one)_11-12-04-271.md")
2026.09.17 11:12:06 INFO  compiling torneo-twenty-one (1 scala source)
2026.09.17 11:12:06 INFO  time: compiled torneo-twenty-one in 94ms
2026.09.17 11:12:18 INFO  compiling torneo-twenty-one (1 scala source)
2026.09.17 11:12:18 INFO  time: compiled torneo-twenty-one in 0.12s
sept 17, 2026 11:12:21 A. M. org.eclipse.lsp4j.jsonrpc.RemoteEndpoint handleCancellation
ADVERTENCIA: Unmatched cancel notification for request id 7044
2026.09.17 11:12:25 INFO  compiling torneo-twenty-one (1 scala source)
2026.09.17 11:12:25 INFO  time: compiled torneo-twenty-one in 99ms
2026.09.17 11:12:30 INFO  compiling torneo-twenty-one (1 scala source)
2026.09.17 11:12:30 INFO  time: compiled torneo-twenty-one in 87ms
2026.09.17 11:12:32 INFO  compiling torneo-twenty-one (1 scala source)
2026.09.17 11:12:32 INFO  time: compiled torneo-twenty-one in 99ms
2026.09.17 11:12:41 INFO  compiling torneo-twenty-one (1 scala source)
2026.09.17 11:12:41 INFO  time: compiled torneo-twenty-one in 92ms
2026.09.17 11:12:53 INFO  compiling torneo-twenty-one (1 scala source)
2026.09.17 11:12:53 INFO  time: compiled torneo-twenty-one in 93ms
2026.09.17 11:12:58 INFO  compiling torneo-twenty-one (1 scala source)
2026.09.17 11:12:58 INFO  time: compiled torneo-twenty-one in 97ms
2026.09.17 11:13:02 INFO  compiling torneo-twenty-one (1 scala source)
2026.09.17 11:13:02 INFO  time: compiled torneo-twenty-one in 85ms
2026.09.17 11:13:05 INFO  compiling torneo-twenty-one (1 scala source)
2026.09.17 11:13:05 INFO  time: compiled torneo-twenty-one in 91ms
2026.09.17 11:13:50 INFO  compiling torneo-twenty-one (1 scala source)
2026.09.17 11:13:50 INFO  time: compiled torneo-twenty-one in 98ms
2026.09.17 11:13:55 INFO  compiling torneo-twenty-one (1 scala source)
2026.09.17 11:13:55 INFO  time: compiled torneo-twenty-one in 0.1s
2026.09.17 11:14:01 INFO  compiling torneo-twenty-one (1 scala source)
2026.09.17 11:14:01 INFO  time: compiled torneo-twenty-one in 86ms
2026.09.17 11:14:03 INFO  compiling torneo-twenty-one (1 scala source)
2026.09.17 11:14:03 INFO  time: compiled torneo-twenty-one in 89ms
2026.09.17 11:14:05 INFO  compiling torneo-twenty-one (1 scala source)
2026.09.17 11:14:05 INFO  time: compiled torneo-twenty-one in 91ms
2026.09.17 11:14:09 INFO  compiling torneo-twenty-one (1 scala source)
2026.09.17 11:14:09 INFO  time: compiled torneo-twenty-one in 88ms
2026.09.17 11:14:12 INFO  compiling torneo-twenty-one (1 scala source)
2026.09.17 11:14:12 INFO  time: compiled torneo-twenty-one in 0.12s
2026.09.17 11:14:56 INFO  compiling torneo-twenty-one (1 scala source)
2026.09.17 11:14:56 INFO  time: compiled torneo-twenty-one in 0.15s
2026.09.17 11:14:57 INFO  compiling torneo-twenty-one (1 scala source)
2026.09.17 11:14:57 INFO  time: compiled torneo-twenty-one in 86ms
2026.09.17 11:15:16 INFO  compiling torneo-twenty-one (1 scala source)
2026.09.17 11:15:16 INFO  time: compiled torneo-twenty-one in 90ms
2026.09.17 11:15:21 INFO  compiling torneo-twenty-one (1 scala source)
2026.09.17 11:15:21 INFO  time: compiled torneo-twenty-one in 0.13s
2026.09.17 11:15:22 INFO  compiling torneo-twenty-one (1 scala source)
2026.09.17 11:15:22 INFO  time: compiled torneo-twenty-one in 0.12s
2026.09.17 11:15:25 INFO  compiling torneo-twenty-one (1 scala source)
2026.09.17 11:15:25 INFO  time: compiled torneo-twenty-one in 0.12s
2026.09.17 11:15:27 INFO  compiling torneo-twenty-one (1 scala source)
2026.09.17 11:15:27 INFO  time: compiled torneo-twenty-one in 0.12s
2026.09.17 11:15:29 INFO  compiling torneo-twenty-one (1 scala source)
2026.09.17 11:15:29 INFO  time: compiled torneo-twenty-one in 0.12s
2026.09.17 11:15:31 INFO  compiling torneo-twenty-one (1 scala source)
2026.09.17 11:15:31 INFO  time: compiled torneo-twenty-one in 0.13s
2026.09.17 11:15:33 INFO  compiling torneo-twenty-one (1 scala source)
2026.09.17 11:15:33 INFO  time: compiled torneo-twenty-one in 85ms
2026.09.17 11:15:35 INFO  compiling torneo-twenty-one (1 scala source)
2026.09.17 11:15:35 INFO  time: compiled torneo-twenty-one in 82ms
2026.09.17 11:15:42 INFO  compiling torneo-twenty-one (1 scala source)
2026.09.17 11:15:42 INFO  time: compiled torneo-twenty-one in 0.13s
sept 17, 2026 11:15:42 A. M. scala.meta.internal.pc.CompilerAccess retryWithCleanCompiler
INFORMACIÓN: compiler crashed due to an error in the Scala compiler, retrying with new compiler instance.
2026.09.17 11:15:42 INFO  Created report: Optional[file:///C:/Users/AlumnoM_AI/Documents/ProyectosTajamar/parte3/3.1%20Visual%20Studio%20Code%20+%20Metals%20+%20sbt/torneo-twenty-one/src/main/scala/Main.scala]
2026.09.17 11:15:42 INFO  scala.reflect.internal.FatalError: 
  ThisType(value $anonfun) for sym which is not a class
     while compiling: file:///C:/Users/AlumnoM_AI/Documents/ProyectosTajamar/parte3/3.1%20Visual%20Studio%20Code%20+%20Metals%20+%20sbt/torneo-twenty-one/src/main/scala/Main.scala
        during phase: globalPhase=<no phase>, enteringPhase=parser
     library version: version 2.12.21
    compiler version: version 2.12.21
  reconstructed args: -classpath C:\Users\AlumnoM_AI\Documents\ProyectosTajamar\parte3\3.1 Visual Studio Code + Metals + sbt\torneo-twenty-one\.bloop\torneo-twenty-one\bloop-bsp-clients-classes\classes-Metals-URaet79gQ2as0pEI5lmZvw==;C:\Users\AlumnoM_AI\AppData\Local\bloop\cache\semanticdb\com.sourcegraph.semanticdb-javac.0.12.3\semanticdb-javac-0.12.3.jar;C:\Users\AlumnoM_AI\.sbt\boot\scala-2.12.21\lib\scala-library.jar -Xplugin-require:semanticdb -Yrangepos -Ymacro-expand:discard -Ycache-plugin-class-loader:last-modified -Ypresentation-any-thread

  last tree to typer: TypeTree
       tree position: line 70 of file:///C:/Users/AlumnoM_AI/Documents/ProyectosTajamar/parte3/3.1%20Visual%20Studio%20Code%20+%20Metals%20+%20sbt/torneo-twenty-one/src/main/scala/Main.scala
            tree tpe: <error>
              symbol: <none>
   symbol definition: <none> (a NoSymbol)
      symbol package: <none>
       symbol owners: 
           call site: <none> in <none>

== Source file context for tree position ==

    67     i=i+1
    68 }
    69 val totalJugadores=jugadores.length
    70 val totalValidas=puntuaciones.count(p=>!bust(_CURSOR_p))
    71 val totalBust=puntuaciones.count(p=>bust)
    72 
    73 println("--- Resumen de la ronda ---") (full report at: "C:\Users\AlumnoM_AI\Documents\ProyectosTajamar\parte3\3.1 Visual Studio Code + Metals + sbt\torneo-twenty-one\.metals\.reports\metals-full\2026-09-17\r_compiler-error_(torneo-twenty-one)_11-15-42-839.md")
sept 17, 2026 11:15:42 A. M. scala.meta.internal.pc.CompilerAccess retryWithCleanCompiler
INFORMACIÓN: compiler crashed due to an error in the Scala compiler, retrying with new compiler instance.
2026.09.17 11:15:42 INFO  Created report: Optional[file:///C:/Users/AlumnoM_AI/Documents/ProyectosTajamar/parte3/3.1%20Visual%20Studio%20Code%20+%20Metals%20+%20sbt/torneo-twenty-one/src/main/scala/Main.scala]
2026.09.17 11:15:42 INFO  scala.reflect.internal.FatalError: 
  ThisType(value $anonfun) for sym which is not a class
     while compiling: file:///C:/Users/AlumnoM_AI/Documents/ProyectosTajamar/parte3/3.1%20Visual%20Studio%20Code%20+%20Metals%20+%20sbt/torneo-twenty-one/src/main/scala/Main.scala
        during phase: globalPhase=<no phase>, enteringPhase=parser
     library version: version 2.12.21
    compiler version: version 2.12.21
  reconstructed args: -classpath C:\Users\AlumnoM_AI\Documents\ProyectosTajamar\parte3\3.1 Visual Studio Code + Metals + sbt\torneo-twenty-one\.bloop\torneo-twenty-one\bloop-bsp-clients-classes\classes-Metals-URaet79gQ2as0pEI5lmZvw==;C:\Users\AlumnoM_AI\AppData\Local\bloop\cache\semanticdb\com.sourcegraph.semanticdb-javac.0.12.3\semanticdb-javac-0.12.3.jar;C:\Users\AlumnoM_AI\.sbt\boot\scala-2.12.21\lib\scala-library.jar -Xplugin-require:semanticdb -Yrangepos -Ymacro-expand:discard -Ycache-plugin-class-loader:last-modified -Ypresentation-any-thread

  last tree to typer: TypeTree
       tree position: line 70 of file:///C:/Users/AlumnoM_AI/Documents/ProyectosTajamar/parte3/3.1%20Visual%20Studio%20Code%20+%20Metals%20+%20sbt/torneo-twenty-one/src/main/scala/Main.scala
            tree tpe: <error>
              symbol: <none>
   symbol definition: <none> (a NoSymbol)
      symbol package: <none>
       symbol owners: 
           call site: <none> in <none>

== Source file context for tree position ==

    67     i=i+1
    68 }
    69 val totalJugadores=jugadores.length
    70 val totalValidas=puntuaciones.count(_CURSOR_p=>!bust(p))
    71 val totalBust=puntuaciones.count(p=>bust)
    72 
    73 println("--- Resumen de la ronda ---") (full report at: "C:\Users\AlumnoM_AI\Documents\ProyectosTajamar\parte3\3.1 Visual Studio Code + Metals + sbt\torneo-twenty-one\.metals\.reports\metals-full\2026-09-17\r_compiler-error_(torneo-twenty-one)_11-15-42-961.md")
sept 17, 2026 11:15:43 A. M. scala.meta.internal.pc.CompilerAccess retryWithCleanCompiler
INFORMACIÓN: compiler crashed due to an error in the Scala compiler, retrying with new compiler instance.
2026.09.17 11:15:42 INFO  Created report: Optional[file:///C:/Users/AlumnoM_AI/Documents/ProyectosTajamar/parte3/3.1%20Visual%20Studio%20Code%20+%20Metals%20+%20sbt/torneo-twenty-one/src/main/scala/Main.scala]
2026.09.17 11:15:42 INFO  scala.reflect.internal.FatalError: 
  ThisType(value $anonfun) for sym which is not a class
     while compiling: file:///C:/Users/AlumnoM_AI/Documents/ProyectosTajamar/parte3/3.1%20Visual%20Studio%20Code%20+%20Metals%20+%20sbt/torneo-twenty-one/src/main/scala/Main.scala
        during phase: globalPhase=<no phase>, enteringPhase=parser
     library version: version 2.12.21
    compiler version: version 2.12.21
  reconstructed args: -classpath C:\Users\AlumnoM_AI\Documents\ProyectosTajamar\parte3\3.1 Visual Studio Code + Metals + sbt\torneo-twenty-one\.bloop\torneo-twenty-one\bloop-bsp-clients-classes\classes-Metals-URaet79gQ2as0pEI5lmZvw==;C:\Users\AlumnoM_AI\AppData\Local\bloop\cache\semanticdb\com.sourcegraph.semanticdb-javac.0.12.3\semanticdb-javac-0.12.3.jar;C:\Users\AlumnoM_AI\.sbt\boot\scala-2.12.21\lib\scala-library.jar -Xplugin-require:semanticdb -Yrangepos -Ymacro-expand:discard -Ycache-plugin-class-loader:last-modified -Ypresentation-any-thread

  last tree to typer: TypeTree
       tree position: line 70 of file:///C:/Users/AlumnoM_AI/Documents/ProyectosTajamar/parte3/3.1%20Visual%20Studio%20Code%20+%20Metals%20+%20sbt/torneo-twenty-one/src/main/scala/Main.scala
            tree tpe: <error>
              symbol: <none>
   symbol definition: <none> (a NoSymbol)
      symbol package: <none>
       symbol owners: 
           call site: <none> in <none>

== Source file context for tree position ==

    67     i=i+1
    68 }
    69 val totalJugadores=jugadores.length
    70 val totalValidas=puntuaciones.count(p=>!bust(_CURSOR_p))
    71 val totalBust=puntuaciones.count(p=>bust())
    72 
    73 println("--- Resumen de la ronda ---") (full report at: "C:\Users\AlumnoM_AI\Documents\ProyectosTajamar\parte3\3.1 Visual Studio Code + Metals + sbt\torneo-twenty-one\.metals\.reports\metals-full\2026-09-17\r_compiler-error_(torneo-twenty-one)_11-15-43-437.md")
2026.09.17 11:15:44 INFO  compiling torneo-twenty-one (1 scala source)
2026.09.17 11:15:44 INFO  time: compiled torneo-twenty-one in 0.12s
sept 17, 2026 11:15:44 A. M. scala.meta.internal.pc.CompilerAccess retryWithCleanCompiler
INFORMACIÓN: compiler crashed due to an error in the Scala compiler, retrying with new compiler instance.
2026.09.17 11:15:44 INFO  Created report: Optional[file:///C:/Users/AlumnoM_AI/Documents/ProyectosTajamar/parte3/3.1%20Visual%20Studio%20Code%20+%20Metals%20+%20sbt/torneo-twenty-one/src/main/scala/Main.scala]
2026.09.17 11:15:44 INFO  scala.reflect.internal.FatalError: 
  ThisType(value $anonfun) for sym which is not a class
     while compiling: file:///C:/Users/AlumnoM_AI/Documents/ProyectosTajamar/parte3/3.1%20Visual%20Studio%20Code%20+%20Metals%20+%20sbt/torneo-twenty-one/src/main/scala/Main.scala
        during phase: globalPhase=<no phase>, enteringPhase=parser
     library version: version 2.12.21
    compiler version: version 2.12.21
  reconstructed args: -classpath C:\Users\AlumnoM_AI\Documents\ProyectosTajamar\parte3\3.1 Visual Studio Code + Metals + sbt\torneo-twenty-one\.bloop\torneo-twenty-one\bloop-bsp-clients-classes\classes-Metals-URaet79gQ2as0pEI5lmZvw==;C:\Users\AlumnoM_AI\AppData\Local\bloop\cache\semanticdb\com.sourcegraph.semanticdb-javac.0.12.3\semanticdb-javac-0.12.3.jar;C:\Users\AlumnoM_AI\.sbt\boot\scala-2.12.21\lib\scala-library.jar -Xplugin-require:semanticdb -Yrangepos -Ymacro-expand:discard -Ycache-plugin-class-loader:last-modified -Ypresentation-any-thread

  last tree to typer: TypeTree
       tree position: line 70 of file:///C:/Users/AlumnoM_AI/Documents/ProyectosTajamar/parte3/3.1%20Visual%20Studio%20Code%20+%20Metals%20+%20sbt/torneo-twenty-one/src/main/scala/Main.scala
            tree tpe: <error>
              symbol: <none>
   symbol definition: <none> (a NoSymbol)
      symbol package: <none>
       symbol owners: 
           call site: <none> in <none>

== Source file context for tree position ==

    67     i=i+1
    68 }
    69 val totalJugadores=jugadores.length
    70 val totalValidas=puntuaciones.count(_CURSOR_p=>!bust(p))
    71 val totalBust=puntuaciones.count(p=>bust(p))
    72 
    73 println("--- Resumen de la ronda ---") (full report at: "C:\Users\AlumnoM_AI\Documents\ProyectosTajamar\parte3\3.1 Visual Studio Code + Metals + sbt\torneo-twenty-one\.metals\.reports\metals-full\2026-09-17\r_compiler-error_(torneo-twenty-one)_11-15-44-583.md")
sept 17, 2026 11:15:44 A. M. scala.meta.internal.pc.CompilerAccess retryWithCleanCompiler
INFORMACIÓN: compiler crashed due to an error in the Scala compiler, retrying with new compiler instance.
2026.09.17 11:15:45 INFO  compiling torneo-twenty-one (1 scala source)
2026.09.17 11:15:45 INFO  time: compiled torneo-twenty-one in 0.14s
sept 17, 2026 11:15:45 A. M. scala.meta.internal.pc.CompilerAccess retryWithCleanCompiler
INFORMACIÓN: compiler crashed due to an error in the Scala compiler, retrying with new compiler instance.
2026.09.17 11:15:45 INFO  Created report: Optional[file:///C:/Users/AlumnoM_AI/Documents/ProyectosTajamar/parte3/3.1%20Visual%20Studio%20Code%20+%20Metals%20+%20sbt/torneo-twenty-one/src/main/scala/Main.scala]
2026.09.17 11:15:45 INFO  scala.reflect.internal.FatalError: 
  ThisType(value $anonfun) for sym which is not a class
     while compiling: file:///C:/Users/AlumnoM_AI/Documents/ProyectosTajamar/parte3/3.1%20Visual%20Studio%20Code%20+%20Metals%20+%20sbt/torneo-twenty-one/src/main/scala/Main.scala
        during phase: globalPhase=<no phase>, enteringPhase=parser
     library version: version 2.12.21
    compiler version: version 2.12.21
  reconstructed args: -classpath C:\Users\AlumnoM_AI\Documents\ProyectosTajamar\parte3\3.1 Visual Studio Code + Metals + sbt\torneo-twenty-one\.bloop\torneo-twenty-one\bloop-bsp-clients-classes\classes-Metals-URaet79gQ2as0pEI5lmZvw==;C:\Users\AlumnoM_AI\AppData\Local\bloop\cache\semanticdb\com.sourcegraph.semanticdb-javac.0.12.3\semanticdb-javac-0.12.3.jar;C:\Users\AlumnoM_AI\.sbt\boot\scala-2.12.21\lib\scala-library.jar -Xplugin-require:semanticdb -Yrangepos -Ymacro-expand:discard -Ycache-plugin-class-loader:last-modified -Ypresentation-any-thread

  last tree to typer: TypeTree
       tree position: line 70 of file:///C:/Users/AlumnoM_AI/Documents/ProyectosTajamar/parte3/3.1%20Visual%20Studio%20Code%20+%20Metals%20+%20sbt/torneo-twenty-one/src/main/scala/Main.scala
            tree tpe: <error>
              symbol: <none>
   symbol definition: <none> (a NoSymbol)
      symbol package: <none>
       symbol owners: 
           call site: <none> in <none>

== Source file context for tree position ==

    67     i=i+1
    68 }
    69 val totalJugadores=jugadores.length
    70 val totalValidas=puntuaciones.count(_CURSOR_p=>!bust(p))
    71 val totalBust=puntuaciones.count(p=>bust(p))
    72 
    73 println("--- Resumen de la ronda ---") (full report at: "C:\Users\AlumnoM_AI\Documents\ProyectosTajamar\parte3\3.1 Visual Studio Code + Metals + sbt\torneo-twenty-one\.metals\.reports\metals-full\2026-09-17\r_compiler-error_(torneo-twenty-one)_11-15-45-769.md")
sept 17, 2026 11:15:45 A. M. scala.meta.internal.pc.CompilerAccess retryWithCleanCompiler
INFORMACIÓN: compiler crashed due to an error in the Scala compiler, retrying with new compiler instance.
2026.09.17 11:15:45 INFO  Created report: Optional[file:///C:/Users/AlumnoM_AI/Documents/ProyectosTajamar/parte3/3.1%20Visual%20Studio%20Code%20+%20Metals%20+%20sbt/torneo-twenty-one/src/main/scala/Main.scala]
2026.09.17 11:15:45 INFO  scala.reflect.internal.FatalError: 
  ThisType(value $anonfun) for sym which is not a class
     while compiling: file:///C:/Users/AlumnoM_AI/Documents/ProyectosTajamar/parte3/3.1%20Visual%20Studio%20Code%20+%20Metals%20+%20sbt/torneo-twenty-one/src/main/scala/Main.scala
        during phase: globalPhase=<no phase>, enteringPhase=parser
     library version: version 2.12.21
    compiler version: version 2.12.21
  reconstructed args: -classpath C:\Users\AlumnoM_AI\Documents\ProyectosTajamar\parte3\3.1 Visual Studio Code + Metals + sbt\torneo-twenty-one\.bloop\torneo-twenty-one\bloop-bsp-clients-classes\classes-Metals-URaet79gQ2as0pEI5lmZvw==;C:\Users\AlumnoM_AI\AppData\Local\bloop\cache\semanticdb\com.sourcegraph.semanticdb-javac.0.12.3\semanticdb-javac-0.12.3.jar;C:\Users\AlumnoM_AI\.sbt\boot\scala-2.12.21\lib\scala-library.jar -Xplugin-require:semanticdb -Yrangepos -Ymacro-expand:discard -Ycache-plugin-class-loader:last-modified -Ypresentation-any-thread

  last tree to typer: TypeTree
       tree position: line 70 of file:///C:/Users/AlumnoM_AI/Documents/ProyectosTajamar/parte3/3.1%20Visual%20Studio%20Code%20+%20Metals%20+%20sbt/torneo-twenty-one/src/main/scala/Main.scala
            tree tpe: <error>
              symbol: <none>
   symbol definition: <none> (a NoSymbol)
      symbol package: <none>
       symbol owners: 
           call site: <none> in <none>

== Source file context for tree position ==

    67     i=i+1
    68 }
    69 val totalJugadores=jugadores.length
    70 val totalValidas=puntuaciones.count(p=>!bust(_CURSOR_p))
    71 val totalBust=puntuaciones.count(p=>bust(p))
    72 
    73 println("--- Resumen de la ronda ---") (full report at: "C:\Users\AlumnoM_AI\Documents\ProyectosTajamar\parte3\3.1 Visual Studio Code + Metals + sbt\torneo-twenty-one\.metals\.reports\metals-full\2026-09-17\r_compiler-error_(torneo-twenty-one)_11-15-45-911.md")
sept 17, 2026 11:15:45 A. M. scala.meta.internal.pc.CompilerAccess retryWithCleanCompiler
INFORMACIÓN: compiler crashed due to an error in the Scala compiler, retrying with new compiler instance.
2026.09.17 11:15:45 INFO  Created report: Optional[file:///C:/Users/AlumnoM_AI/Documents/ProyectosTajamar/parte3/3.1%20Visual%20Studio%20Code%20+%20Metals%20+%20sbt/torneo-twenty-one/src/main/scala/Main.scala]
2026.09.17 11:15:45 INFO  scala.reflect.internal.FatalError: 
  ThisType(value $anonfun) for sym which is not a class
     while compiling: file:///C:/Users/AlumnoM_AI/Documents/ProyectosTajamar/parte3/3.1%20Visual%20Studio%20Code%20+%20Metals%20+%20sbt/torneo-twenty-one/src/main/scala/Main.scala
        during phase: globalPhase=<no phase>, enteringPhase=parser
     library version: version 2.12.21
    compiler version: version 2.12.21
  reconstructed args: -classpath C:\Users\AlumnoM_AI\Documents\ProyectosTajamar\parte3\3.1 Visual Studio Code + Metals + sbt\torneo-twenty-one\.bloop\torneo-twenty-one\bloop-bsp-clients-classes\classes-Metals-URaet79gQ2as0pEI5lmZvw==;C:\Users\AlumnoM_AI\AppData\Local\bloop\cache\semanticdb\com.sourcegraph.semanticdb-javac.0.12.3\semanticdb-javac-0.12.3.jar;C:\Users\AlumnoM_AI\.sbt\boot\scala-2.12.21\lib\scala-library.jar -Xplugin-require:semanticdb -Yrangepos -Ymacro-expand:discard -Ycache-plugin-class-loader:last-modified -Ypresentation-any-thread

  last tree to typer: TypeTree
       tree position: line 70 of file:///C:/Users/AlumnoM_AI/Documents/ProyectosTajamar/parte3/3.1%20Visual%20Studio%20Code%20+%20Metals%20+%20sbt/torneo-twenty-one/src/main/scala/Main.scala
            tree tpe: <error>
              symbol: <none>
   symbol definition: <none> (a NoSymbol)
      symbol package: <none>
       symbol owners: 
           call site: <none> in <none>

== Source file context for tree position ==

    67     i=i+1
    68 }
    69 val totalJugadores=jugadores.length
    70 val totalValidas=puntuaciones.count(p=>!bust(_CURSOR_p))
    71 val totalBust=puntuaciones.count(p=>bust(p))
    72 
    73 println("--- Resumen de la ronda ---") (full report at: "C:\Users\AlumnoM_AI\Documents\ProyectosTajamar\parte3\3.1 Visual Studio Code + Metals + sbt\torneo-twenty-one\.metals\.reports\metals-full\2026-09-17\r_compiler-error_(torneo-twenty-one)_11-15-46-051.md")
sept 17, 2026 11:15:46 A. M. scala.meta.internal.pc.CompilerAccess retryWithCleanCompiler
INFORMACIÓN: compiler crashed due to an error in the Scala compiler, retrying with new compiler instance.
2026.09.17 11:15:45 INFO  Created report: Optional[file:///C:/Users/AlumnoM_AI/Documents/ProyectosTajamar/parte3/3.1%20Visual%20Studio%20Code%20+%20Metals%20+%20sbt/torneo-twenty-one/src/main/scala/Main.scala]
2026.09.17 11:15:45 INFO  scala.reflect.internal.FatalError: 
  ThisType(value $anonfun) for sym which is not a class
     while compiling: file:///C:/Users/AlumnoM_AI/Documents/ProyectosTajamar/parte3/3.1%20Visual%20Studio%20Code%20+%20Metals%20+%20sbt/torneo-twenty-one/src/main/scala/Main.scala
        during phase: globalPhase=<no phase>, enteringPhase=parser
     library version: version 2.12.21
    compiler version: version 2.12.21
  reconstructed args: -classpath C:\Users\AlumnoM_AI\Documents\ProyectosTajamar\parte3\3.1 Visual Studio Code + Metals + sbt\torneo-twenty-one\.bloop\torneo-twenty-one\bloop-bsp-clients-classes\classes-Metals-URaet79gQ2as0pEI5lmZvw==;C:\Users\AlumnoM_AI\AppData\Local\bloop\cache\semanticdb\com.sourcegraph.semanticdb-javac.0.12.3\semanticdb-javac-0.12.3.jar;C:\Users\AlumnoM_AI\.sbt\boot\scala-2.12.21\lib\scala-library.jar -Xplugin-require:semanticdb -Yrangepos -Ymacro-expand:discard -Ycache-plugin-class-loader:last-modified -Ypresentation-any-thread

  last tree to typer: TypeTree
       tree position: line 70 of file:///C:/Users/AlumnoM_AI/Documents/ProyectosTajamar/parte3/3.1%20Visual%20Studio%20Code%20+%20Metals%20+%20sbt/torneo-twenty-one/src/main/scala/Main.scala
            tree tpe: <error>
              symbol: <none>
   symbol definition: <none> (a NoSymbol)
      symbol package: <none>
       symbol owners: 
           call site: <none> in <none>

== Source file context for tree position ==

    67     i=i+1
    68 }
    69 val totalJugadores=jugadores.length
    70 val totalValidas=puntuaciones.count(_CURSOR_p=>!bust(p))
    71 val totalBust=puntuaciones.count(p=>bust(p))
    72 
    73 println("--- Resumen de la ronda ---") (full report at: "C:\Users\AlumnoM_AI\Documents\ProyectosTajamar\parte3\3.1 Visual Studio Code + Metals + sbt\torneo-twenty-one\.metals\.reports\metals-full\2026-09-17\r_compiler-error_(torneo-twenty-one)_11-15-46-204.md")
sept 17, 2026 11:15:46 A. M. scala.meta.internal.pc.CompilerAccess retryWithCleanCompiler
INFORMACIÓN: compiler crashed due to an error in the Scala compiler, retrying with new compiler instance.
2026.09.17 11:15:45 INFO  Created report: Optional[file:///C:/Users/AlumnoM_AI/Documents/ProyectosTajamar/parte3/3.1%20Visual%20Studio%20Code%20+%20Metals%20+%20sbt/torneo-twenty-one/src/main/scala/Main.scala]
2026.09.17 11:15:45 INFO  scala.reflect.internal.FatalError: 
  ThisType(value $anonfun) for sym which is not a class
     while compiling: file:///C:/Users/AlumnoM_AI/Documents/ProyectosTajamar/parte3/3.1%20Visual%20Studio%20Code%20+%20Metals%20+%20sbt/torneo-twenty-one/src/main/scala/Main.scala
        during phase: globalPhase=<no phase>, enteringPhase=parser
     library version: version 2.12.21
    compiler version: version 2.12.21
  reconstructed args: -classpath C:\Users\AlumnoM_AI\Documents\ProyectosTajamar\parte3\3.1 Visual Studio Code + Metals + sbt\torneo-twenty-one\.bloop\torneo-twenty-one\bloop-bsp-clients-classes\classes-Metals-URaet79gQ2as0pEI5lmZvw==;C:\Users\AlumnoM_AI\AppData\Local\bloop\cache\semanticdb\com.sourcegraph.semanticdb-javac.0.12.3\semanticdb-javac-0.12.3.jar;C:\Users\AlumnoM_AI\.sbt\boot\scala-2.12.21\lib\scala-library.jar -Xplugin-require:semanticdb -Yrangepos -Ymacro-expand:discard -Ycache-plugin-class-loader:last-modified -Ypresentation-any-thread

  last tree to typer: TypeTree
       tree position: line 70 of file:///C:/Users/AlumnoM_AI/Documents/ProyectosTajamar/parte3/3.1%20Visual%20Studio%20Code%20+%20Metals%20+%20sbt/torneo-twenty-one/src/main/scala/Main.scala
            tree tpe: <error>
              symbol: <none>
   symbol definition: <none> (a NoSymbol)
      symbol package: <none>
       symbol owners: 
           call site: <none> in <none>

== Source file context for tree position ==

    67     i=i+1
    68 }
    69 val totalJugadores=jugadores.length
    70 val totalValidas=puntuaciones.count(_CURSOR_p=>!bust(p))
    71 val totalBust=puntuaciones.count(p=>bust(p))
    72 
    73 println("--- Resumen de la ronda ---") (full report at: "C:\Users\AlumnoM_AI\Documents\ProyectosTajamar\parte3\3.1 Visual Studio Code + Metals + sbt\torneo-twenty-one\.metals\.reports\metals-full\2026-09-17\r_compiler-error_(torneo-twenty-one)_11-15-46-486.md")
sept 17, 2026 11:15:46 A. M. scala.meta.internal.pc.CompilerAccess retryWithCleanCompiler
INFORMACIÓN: compiler crashed due to an error in the Scala compiler, retrying with new compiler instance.
2026.09.17 11:15:45 INFO  Created report: Optional[file:///C:/Users/AlumnoM_AI/Documents/ProyectosTajamar/parte3/3.1%20Visual%20Studio%20Code%20+%20Metals%20+%20sbt/torneo-twenty-one/src/main/scala/Main.scala]
2026.09.17 11:15:45 INFO  scala.reflect.internal.FatalError: 
  ThisType(value $anonfun) for sym which is not a class
     while compiling: file:///C:/Users/AlumnoM_AI/Documents/ProyectosTajamar/parte3/3.1%20Visual%20Studio%20Code%20+%20Metals%20+%20sbt/torneo-twenty-one/src/main/scala/Main.scala
        during phase: globalPhase=<no phase>, enteringPhase=parser
     library version: version 2.12.21
    compiler version: version 2.12.21
  reconstructed args: -classpath C:\Users\AlumnoM_AI\Documents\ProyectosTajamar\parte3\3.1 Visual Studio Code + Metals + sbt\torneo-twenty-one\.bloop\torneo-twenty-one\bloop-bsp-clients-classes\classes-Metals-URaet79gQ2as0pEI5lmZvw==;C:\Users\AlumnoM_AI\AppData\Local\bloop\cache\semanticdb\com.sourcegraph.semanticdb-javac.0.12.3\semanticdb-javac-0.12.3.jar;C:\Users\AlumnoM_AI\.sbt\boot\scala-2.12.21\lib\scala-library.jar -Xplugin-require:semanticdb -Yrangepos -Ymacro-expand:discard -Ycache-plugin-class-loader:last-modified -Ypresentation-any-thread

  last tree to typer: TypeTree
       tree position: line 70 of file:///C:/Users/AlumnoM_AI/Documents/ProyectosTajamar/parte3/3.1%20Visual%20Studio%20Code%20+%20Metals%20+%20sbt/torneo-twenty-one/src/main/scala/Main.scala
            tree tpe: <error>
              symbol: <none>
   symbol definition: <none> (a NoSymbol)
      symbol package: <none>
       symbol owners: 
           call site: <none> in <none>

== Source file context for tree position ==

    67     i=i+1
    68 }
    69 val totalJugadores=jugadores.length
    70 val totalValidas=puntuaciones.count(p=>!bust(_CURSOR_p))
    71 val totalBust=puntuaciones.count(p=>bust(p))
    72 
    73 println("--- Resumen de la ronda ---") (full report at: "C:\Users\AlumnoM_AI\Documents\ProyectosTajamar\parte3\3.1 Visual Studio Code + Metals + sbt\torneo-twenty-one\.metals\.reports\metals-full\2026-09-17\r_compiler-error_(torneo-twenty-one)_11-15-46-638.md")
sept 17, 2026 11:15:47 A. M. scala.meta.internal.pc.CompilerAccess retryWithCleanCompiler
INFORMACIÓN: compiler crashed due to an error in the Scala compiler, retrying with new compiler instance.
2026.09.17 11:15:47 INFO  Created report: Optional[file:///C:/Users/AlumnoM_AI/Documents/ProyectosTajamar/parte3/3.1%20Visual%20Studio%20Code%20+%20Metals%20+%20sbt/torneo-twenty-one/src/main/scala/Main.scala]
2026.09.17 11:15:47 INFO  scala.reflect.internal.FatalError: 
  ThisType(value $anonfun) for sym which is not a class
     while compiling: file:///C:/Users/AlumnoM_AI/Documents/ProyectosTajamar/parte3/3.1%20Visual%20Studio%20Code%20+%20Metals%20+%20sbt/torneo-twenty-one/src/main/scala/Main.scala
        during phase: globalPhase=<no phase>, enteringPhase=parser
     library version: version 2.12.21
    compiler version: version 2.12.21
  reconstructed args: -classpath C:\Users\AlumnoM_AI\Documents\ProyectosTajamar\parte3\3.1 Visual Studio Code + Metals + sbt\torneo-twenty-one\.bloop\torneo-twenty-one\bloop-bsp-clients-classes\classes-Metals-URaet79gQ2as0pEI5lmZvw==;C:\Users\AlumnoM_AI\AppData\Local\bloop\cache\semanticdb\com.sourcegraph.semanticdb-javac.0.12.3\semanticdb-javac-0.12.3.jar;C:\Users\AlumnoM_AI\.sbt\boot\scala-2.12.21\lib\scala-library.jar -Xplugin-require:semanticdb -Yrangepos -Ymacro-expand:discard -Ycache-plugin-class-loader:last-modified -Ypresentation-any-thread

  last tree to typer: TypeTree
       tree position: line 70 of file:///C:/Users/AlumnoM_AI/Documents/ProyectosTajamar/parte3/3.1%20Visual%20Studio%20Code%20+%20Metals%20+%20sbt/torneo-twenty-one/src/main/scala/Main.scala
            tree tpe: <error>
              symbol: <none>
   symbol definition: <none> (a NoSymbol)
      symbol package: <none>
       symbol owners: 
           call site: <none> in <none>

== Source file context for tree position ==

    67     i=i+1
    68 }
    69 val totalJugadores=jugadores.length
    70 val totalValidas=puntuaciones.count(_CURSOR_p=>!bust(p))
    71 val totalBust=puntuaciones.count(p=>bust(p))
    72 
    73 println("--- Resumen de la ronda ---") (full report at: "C:\Users\AlumnoM_AI\Documents\ProyectosTajamar\parte3\3.1 Visual Studio Code + Metals + sbt\torneo-twenty-one\.metals\.reports\metals-full\2026-09-17\r_compiler-error_(torneo-twenty-one)_11-15-47-324.md")
sept 17, 2026 11:15:47 A. M. scala.meta.internal.pc.CompilerAccess retryWithCleanCompiler
INFORMACIÓN: compiler crashed due to an error in the Scala compiler, retrying with new compiler instance.
2026.09.17 11:15:47 INFO  Created report: Optional[file:///C:/Users/AlumnoM_AI/Documents/ProyectosTajamar/parte3/3.1%20Visual%20Studio%20Code%20+%20Metals%20+%20sbt/torneo-twenty-one/src/main/scala/Main.scala]
2026.09.17 11:15:47 INFO  scala.reflect.internal.FatalError: 
  ThisType(value $anonfun) for sym which is not a class
     while compiling: file:///C:/Users/AlumnoM_AI/Documents/ProyectosTajamar/parte3/3.1%20Visual%20Studio%20Code%20+%20Metals%20+%20sbt/torneo-twenty-one/src/main/scala/Main.scala
        during phase: globalPhase=<no phase>, enteringPhase=parser
     library version: version 2.12.21
    compiler version: version 2.12.21
  reconstructed args: -classpath C:\Users\AlumnoM_AI\Documents\ProyectosTajamar\parte3\3.1 Visual Studio Code + Metals + sbt\torneo-twenty-one\.bloop\torneo-twenty-one\bloop-bsp-clients-classes\classes-Metals-URaet79gQ2as0pEI5lmZvw==;C:\Users\AlumnoM_AI\AppData\Local\bloop\cache\semanticdb\com.sourcegraph.semanticdb-javac.0.12.3\semanticdb-javac-0.12.3.jar;C:\Users\AlumnoM_AI\.sbt\boot\scala-2.12.21\lib\scala-library.jar -Xplugin-require:semanticdb -Yrangepos -Ymacro-expand:discard -Ycache-plugin-class-loader:last-modified -Ypresentation-any-thread

  last tree to typer: TypeTree
       tree position: line 70 of file:///C:/Users/AlumnoM_AI/Documents/ProyectosTajamar/parte3/3.1%20Visual%20Studio%20Code%20+%20Metals%20+%20sbt/torneo-twenty-one/src/main/scala/Main.scala
            tree tpe: <error>
              symbol: <none>
   symbol definition: <none> (a NoSymbol)
      symbol package: <none>
       symbol owners: 
           call site: <none> in <none>

== Source file context for tree position ==

    67     i=i+1
    68 }
    69 val totalJugadores=jugadores.length
    70 val totalValidas=puntuaciones.count(p=>!bust(_CURSOR_p))
    71 val totalBust=puntuaciones.count(p=>bust(p))
    72 
    73 println("--- Resumen de la ronda ---") (full report at: "C:\Users\AlumnoM_AI\Documents\ProyectosTajamar\parte3\3.1 Visual Studio Code + Metals + sbt\torneo-twenty-one\.metals\.reports\metals-full\2026-09-17\r_compiler-error_(torneo-twenty-one)_11-15-47-474.md")
sept 17, 2026 11:15:49 A. M. scala.meta.internal.pc.CompilerAccess retryWithCleanCompiler
INFORMACIÓN: compiler crashed due to an error in the Scala compiler, retrying with new compiler instance.
2026.09.17 11:15:49 INFO  Created report: Optional[file:///C:/Users/AlumnoM_AI/Documents/ProyectosTajamar/parte3/3.1%20Visual%20Studio%20Code%20+%20Metals%20+%20sbt/torneo-twenty-one/src/main/scala/Main.scala]
2026.09.17 11:15:49 INFO  scala.reflect.internal.FatalError: 
  ThisType(value $anonfun) for sym which is not a class
     while compiling: file:///C:/Users/AlumnoM_AI/Documents/ProyectosTajamar/parte3/3.1%20Visual%20Studio%20Code%20+%20Metals%20+%20sbt/torneo-twenty-one/src/main/scala/Main.scala
        during phase: globalPhase=<no phase>, enteringPhase=parser
     library version: version 2.12.21
    compiler version: version 2.12.21
  reconstructed args: -classpath C:\Users\AlumnoM_AI\Documents\ProyectosTajamar\parte3\3.1 Visual Studio Code + Metals + sbt\torneo-twenty-one\.bloop\torneo-twenty-one\bloop-bsp-clients-classes\classes-Metals-URaet79gQ2as0pEI5lmZvw==;C:\Users\AlumnoM_AI\AppData\Local\bloop\cache\semanticdb\com.sourcegraph.semanticdb-javac.0.12.3\semanticdb-javac-0.12.3.jar;C:\Users\AlumnoM_AI\.sbt\boot\scala-2.12.21\lib\scala-library.jar -Xplugin-require:semanticdb -Yrangepos -Ymacro-expand:discard -Ycache-plugin-class-loader:last-modified -Ypresentation-any-thread

  last tree to typer: TypeTree
       tree position: line 70 of file:///C:/Users/AlumnoM_AI/Documents/ProyectosTajamar/parte3/3.1%20Visual%20Studio%20Code%20+%20Metals%20+%20sbt/torneo-twenty-one/src/main/scala/Main.scala
            tree tpe: <error>
              symbol: <none>
   symbol definition: <none> (a NoSymbol)
      symbol package: <none>
       symbol owners: 
           call site: <none> in <none>

== Source file context for tree position ==

    67     i=i+1
    68 }
    69 val totalJugadores=jugadores.length
    70 val totalValidas=puntuaciones.count(p=>!bust(_CURSOR_p))
    71 val totalBust=puntuaciones.count(p=>bust(p))
    72 
    73 println("--- Resumen de la ronda ---") (full report at: "C:\Users\AlumnoM_AI\Documents\ProyectosTajamar\parte3\3.1 Visual Studio Code + Metals + sbt\torneo-twenty-one\.metals\.reports\metals-full\2026-09-17\r_compiler-error_(torneo-twenty-one)_11-15-49-791.md")
sept 17, 2026 11:15:50 A. M. scala.meta.internal.pc.CompilerAccess retryWithCleanCompiler
INFORMACIÓN: compiler crashed due to an error in the Scala compiler, retrying with new compiler instance.
2026.09.17 11:15:49 INFO  Created report: Optional[file:///C:/Users/AlumnoM_AI/Documents/ProyectosTajamar/parte3/3.1%20Visual%20Studio%20Code%20+%20Metals%20+%20sbt/torneo-twenty-one/src/main/scala/Main.scala]
2026.09.17 11:15:49 INFO  scala.reflect.internal.FatalError: 
  ThisType(value $anonfun) for sym which is not a class
     while compiling: file:///C:/Users/AlumnoM_AI/Documents/ProyectosTajamar/parte3/3.1%20Visual%20Studio%20Code%20+%20Metals%20+%20sbt/torneo-twenty-one/src/main/scala/Main.scala
        during phase: globalPhase=<no phase>, enteringPhase=parser
     library version: version 2.12.21
    compiler version: version 2.12.21
  reconstructed args: -classpath C:\Users\AlumnoM_AI\Documents\ProyectosTajamar\parte3\3.1 Visual Studio Code + Metals + sbt\torneo-twenty-one\.bloop\torneo-twenty-one\bloop-bsp-clients-classes\classes-Metals-URaet79gQ2as0pEI5lmZvw==;C:\Users\AlumnoM_AI\AppData\Local\bloop\cache\semanticdb\com.sourcegraph.semanticdb-javac.0.12.3\semanticdb-javac-0.12.3.jar;C:\Users\AlumnoM_AI\.sbt\boot\scala-2.12.21\lib\scala-library.jar -Xplugin-require:semanticdb -Yrangepos -Ymacro-expand:discard -Ycache-plugin-class-loader:last-modified -Ypresentation-any-thread

  last tree to typer: TypeTree
       tree position: line 70 of file:///C:/Users/AlumnoM_AI/Documents/ProyectosTajamar/parte3/3.1%20Visual%20Studio%20Code%20+%20Metals%20+%20sbt/torneo-twenty-one/src/main/scala/Main.scala
            tree tpe: <error>
              symbol: <none>
   symbol definition: <none> (a NoSymbol)
      symbol package: <none>
       symbol owners: 
           call site: <none> in <none>

== Source file context for tree position ==

    67     i=i+1
    68 }
    69 val totalJugadores=jugadores.length
    70 val totalValidas=puntuaciones.count(p=>!bust(_CURSOR_p))
    71 val totalBust=puntuaciones.count(p=>bust(p))
    72 
    73 println("--- Resumen de la ronda ---") (full report at: "C:\Users\AlumnoM_AI\Documents\ProyectosTajamar\parte3\3.1 Visual Studio Code + Metals + sbt\torneo-twenty-one\.metals\.reports\metals-full\2026-09-17\r_compiler-error_(torneo-twenty-one)_11-15-50-319.md")
sept 17, 2026 11:15:50 A. M. scala.meta.internal.pc.CompilerAccess retryWithCleanCompiler
INFORMACIÓN: compiler crashed due to an error in the Scala compiler, retrying with new compiler instance.
2026.09.17 11:15:49 INFO  Created report: Optional[file:///C:/Users/AlumnoM_AI/Documents/ProyectosTajamar/parte3/3.1%20Visual%20Studio%20Code%20+%20Metals%20+%20sbt/torneo-twenty-one/src/main/scala/Main.scala]
2026.09.17 11:15:49 INFO  scala.reflect.internal.FatalError: 
  ThisType(value $anonfun) for sym which is not a class
     while compiling: file:///C:/Users/AlumnoM_AI/Documents/ProyectosTajamar/parte3/3.1%20Visual%20Studio%20Code%20+%20Metals%20+%20sbt/torneo-twenty-one/src/main/scala/Main.scala
        during phase: globalPhase=<no phase>, enteringPhase=parser
     library version: version 2.12.21
    compiler version: version 2.12.21
  reconstructed args: -classpath C:\Users\AlumnoM_AI\Documents\ProyectosTajamar\parte3\3.1 Visual Studio Code + Metals + sbt\torneo-twenty-one\.bloop\torneo-twenty-one\bloop-bsp-clients-classes\classes-Metals-URaet79gQ2as0pEI5lmZvw==;C:\Users\AlumnoM_AI\AppData\Local\bloop\cache\semanticdb\com.sourcegraph.semanticdb-javac.0.12.3\semanticdb-javac-0.12.3.jar;C:\Users\AlumnoM_AI\.sbt\boot\scala-2.12.21\lib\scala-library.jar -Xplugin-require:semanticdb -Yrangepos -Ymacro-expand:discard -Ycache-plugin-class-loader:last-modified -Ypresentation-any-thread

  last tree to typer: TypeTree
       tree position: line 70 of file:///C:/Users/AlumnoM_AI/Documents/ProyectosTajamar/parte3/3.1%20Visual%20Studio%20Code%20+%20Metals%20+%20sbt/torneo-twenty-one/src/main/scala/Main.scala
            tree tpe: <error>
              symbol: <none>
   symbol definition: <none> (a NoSymbol)
      symbol package: <none>
       symbol owners: 
           call site: <none> in <none>

== Source file context for tree position ==

    67     i=i+1
    68 }
    69 val totalJugadores=jugadores.length
    70 val totalValidas=puntuaciones.count(p=>!bust(_CURSOR_p))
    71 val totalBust=puntuaciones.count(p=>bust(p))
    72 
    73 println("--- Resumen de la ronda ---") (full report at: "C:\Users\AlumnoM_AI\Documents\ProyectosTajamar\parte3\3.1 Visual Studio Code + Metals + sbt\torneo-twenty-one\.metals\.reports\metals-full\2026-09-17\r_compiler-error_(torneo-twenty-one)_11-15-50-484.md")
sept 17, 2026 11:15:50 A. M. scala.meta.internal.pc.CompilerAccess retryWithCleanCompiler
INFORMACIÓN: compiler crashed due to an error in the Scala compiler, retrying with new compiler instance.
2026.09.17 11:15:49 INFO  Created report: Optional[file:///C:/Users/AlumnoM_AI/Documents/ProyectosTajamar/parte3/3.1%20Visual%20Studio%20Code%20+%20Metals%20+%20sbt/torneo-twenty-one/src/main/scala/Main.scala]
2026.09.17 11:15:49 INFO  scala.reflect.internal.FatalError: 
  ThisType(value $anonfun) for sym which is not a class
     while compiling: file:///C:/Users/AlumnoM_AI/Documents/ProyectosTajamar/parte3/3.1%20Visual%20Studio%20Code%20+%20Metals%20+%20sbt/torneo-twenty-one/src/main/scala/Main.scala
        during phase: globalPhase=<no phase>, enteringPhase=parser
     library version: version 2.12.21
    compiler version: version 2.12.21
  reconstructed args: -classpath C:\Users\AlumnoM_AI\Documents\ProyectosTajamar\parte3\3.1 Visual Studio Code + Metals + sbt\torneo-twenty-one\.bloop\torneo-twenty-one\bloop-bsp-clients-classes\classes-Metals-URaet79gQ2as0pEI5lmZvw==;C:\Users\AlumnoM_AI\AppData\Local\bloop\cache\semanticdb\com.sourcegraph.semanticdb-javac.0.12.3\semanticdb-javac-0.12.3.jar;C:\Users\AlumnoM_AI\.sbt\boot\scala-2.12.21\lib\scala-library.jar -Xplugin-require:semanticdb -Yrangepos -Ymacro-expand:discard -Ycache-plugin-class-loader:last-modified -Ypresentation-any-thread

  last tree to typer: TypeTree
       tree position: line 70 of file:///C:/Users/AlumnoM_AI/Documents/ProyectosTajamar/parte3/3.1%20Visual%20Studio%20Code%20+%20Metals%20+%20sbt/torneo-twenty-one/src/main/scala/Main.scala
            tree tpe: <error>
              symbol: <none>
   symbol definition: <none> (a NoSymbol)
      symbol package: <none>
       symbol owners: 
           call site: <none> in <none>

== Source file context for tree position ==

    67     i=i+1
    68 }
    69 val totalJugadores=jugadores.length
    70 val totalValidas=puntuaciones.count(p=>!bust(_CURSOR_p))
    71 val totalBust=puntuaciones.count(p=>bust(p))
    72 
    73 println("--- Resumen de la ronda ---") (full report at: "C:\Users\AlumnoM_AI\Documents\ProyectosTajamar\parte3\3.1 Visual Studio Code + Metals + sbt\torneo-twenty-one\.metals\.reports\metals-full\2026-09-17\r_compiler-error_(torneo-twenty-one)_11-15-50-682.md")
sept 17, 2026 11:15:50 A. M. scala.meta.internal.pc.CompilerAccess retryWithCleanCompiler
INFORMACIÓN: compiler crashed due to an error in the Scala compiler, retrying with new compiler instance.
2026.09.17 11:15:50 INFO  Created report: Optional[file:///C:/Users/AlumnoM_AI/Documents/ProyectosTajamar/parte3/3.1%20Visual%20Studio%20Code%20+%20Metals%20+%20sbt/torneo-twenty-one/src/main/scala/Main.scala]
2026.09.17 11:15:50 INFO  scala.reflect.internal.FatalError: 
  ThisType(value $anonfun) for sym which is not a class
     while compiling: file:///C:/Users/AlumnoM_AI/Documents/ProyectosTajamar/parte3/3.1%20Visual%20Studio%20Code%20+%20Metals%20+%20sbt/torneo-twenty-one/src/main/scala/Main.scala
        during phase: globalPhase=<no phase>, enteringPhase=parser
     library version: version 2.12.21
    compiler version: version 2.12.21
  reconstructed args: -classpath C:\Users\AlumnoM_AI\Documents\ProyectosTajamar\parte3\3.1 Visual Studio Code + Metals + sbt\torneo-twenty-one\.bloop\torneo-twenty-one\bloop-bsp-clients-classes\classes-Metals-URaet79gQ2as0pEI5lmZvw==;C:\Users\AlumnoM_AI\AppData\Local\bloop\cache\semanticdb\com.sourcegraph.semanticdb-javac.0.12.3\semanticdb-javac-0.12.3.jar;C:\Users\AlumnoM_AI\.sbt\boot\scala-2.12.21\lib\scala-library.jar -Xplugin-require:semanticdb -Yrangepos -Ymacro-expand:discard -Ycache-plugin-class-loader:last-modified -Ypresentation-any-thread

  last tree to typer: TypeTree
       tree position: line 70 of file:///C:/Users/AlumnoM_AI/Documents/ProyectosTajamar/parte3/3.1%20Visual%20Studio%20Code%20+%20Metals%20+%20sbt/torneo-twenty-one/src/main/scala/Main.scala
            tree tpe: <error>
              symbol: <none>
   symbol definition: <none> (a NoSymbol)
      symbol package: <none>
       symbol owners: 
           call site: <none> in <none>

== Source file context for tree position ==

    67     i=i+1
    68 }
    69 val totalJugadores=jugadores.length
    70 val totalValidas=puntuaciones.count(p=>!bust(_CURSOR_p))
    71 val totalBust=puntuaciones.count(p=>bust(p))
    72 
    73 println("--- Resumen de la ronda ---") (full report at: "C:\Users\AlumnoM_AI\Documents\ProyectosTajamar\parte3\3.1 Visual Studio Code + Metals + sbt\torneo-twenty-one\.metals\.reports\metals-full\2026-09-17\r_compiler-error_(torneo-twenty-one)_11-15-50-823.md")
sept 17, 2026 11:15:50 A. M. scala.meta.internal.pc.CompilerAccess retryWithCleanCompiler
INFORMACIÓN: compiler crashed due to an error in the Scala compiler, retrying with new compiler instance.
2026.09.17 11:15:50 INFO  Created report: Optional[file:///C:/Users/AlumnoM_AI/Documents/ProyectosTajamar/parte3/3.1%20Visual%20Studio%20Code%20+%20Metals%20+%20sbt/torneo-twenty-one/src/main/scala/Main.scala]
2026.09.17 11:15:50 INFO  scala.reflect.internal.FatalError: 
  ThisType(value $anonfun) for sym which is not a class
     while compiling: file:///C:/Users/AlumnoM_AI/Documents/ProyectosTajamar/parte3/3.1%20Visual%20Studio%20Code%20+%20Metals%20+%20sbt/torneo-twenty-one/src/main/scala/Main.scala
        during phase: globalPhase=<no phase>, enteringPhase=parser
     library version: version 2.12.21
    compiler version: version 2.12.21
  reconstructed args: -classpath C:\Users\AlumnoM_AI\Documents\ProyectosTajamar\parte3\3.1 Visual Studio Code + Metals + sbt\torneo-twenty-one\.bloop\torneo-twenty-one\bloop-bsp-clients-classes\classes-Metals-URaet79gQ2as0pEI5lmZvw==;C:\Users\AlumnoM_AI\AppData\Local\bloop\cache\semanticdb\com.sourcegraph.semanticdb-javac.0.12.3\semanticdb-javac-0.12.3.jar;C:\Users\AlumnoM_AI\.sbt\boot\scala-2.12.21\lib\scala-library.jar -Xplugin-require:semanticdb -Yrangepos -Ymacro-expand:discard -Ycache-plugin-class-loader:last-modified -Ypresentation-any-thread

  last tree to typer: TypeTree
       tree position: line 70 of file:///C:/Users/AlumnoM_AI/Documents/ProyectosTajamar/parte3/3.1%20Visual%20Studio%20Code%20+%20Metals%20+%20sbt/torneo-twenty-one/src/main/scala/Main.scala
            tree tpe: <error>
              symbol: <none>
   symbol definition: <none> (a NoSymbol)
      symbol package: <none>
       symbol owners: 
           call site: <none> in <none>

== Source file context for tree position ==

    67     i=i+1
    68 }
    69 val totalJugadores=jugadores.length
    70 val totalValidas=puntuaciones.count(_CURSOR_p=>!bust(p))
    71 val totalBust=puntuaciones.count(p=>bust(p))
    72 
    73 println("--- Resumen de la ronda ---") (full report at: "C:\Users\AlumnoM_AI\Documents\ProyectosTajamar\parte3\3.1 Visual Studio Code + Metals + sbt\torneo-twenty-one\.metals\.reports\metals-full\2026-09-17\r_compiler-error_(torneo-twenty-one)_11-15-50-939.md")
sept 17, 2026 11:15:50 A. M. scala.meta.internal.pc.CompilerAccess retryWithCleanCompiler
INFORMACIÓN: compiler crashed due to an error in the Scala compiler, retrying with new compiler instance.
2026.09.17 11:15:50 INFO  Created report: Optional[file:///C:/Users/AlumnoM_AI/Documents/ProyectosTajamar/parte3/3.1%20Visual%20Studio%20Code%20+%20Metals%20+%20sbt/torneo-twenty-one/src/main/scala/Main.scala]
2026.09.17 11:15:50 INFO  scala.reflect.internal.FatalError: 
  ThisType(value $anonfun) for sym which is not a class
     while compiling: file:///C:/Users/AlumnoM_AI/Documents/ProyectosTajamar/parte3/3.1%20Visual%20Studio%20Code%20+%20Metals%20+%20sbt/torneo-twenty-one/src/main/scala/Main.scala
        during phase: globalPhase=<no phase>, enteringPhase=parser
     library version: version 2.12.21
    compiler version: version 2.12.21
  reconstructed args: -classpath C:\Users\AlumnoM_AI\Documents\ProyectosTajamar\parte3\3.1 Visual Studio Code + Metals + sbt\torneo-twenty-one\.bloop\torneo-twenty-one\bloop-bsp-clients-classes\classes-Metals-URaet79gQ2as0pEI5lmZvw==;C:\Users\AlumnoM_AI\AppData\Local\bloop\cache\semanticdb\com.sourcegraph.semanticdb-javac.0.12.3\semanticdb-javac-0.12.3.jar;C:\Users\AlumnoM_AI\.sbt\boot\scala-2.12.21\lib\scala-library.jar -Xplugin-require:semanticdb -Yrangepos -Ymacro-expand:discard -Ycache-plugin-class-loader:last-modified -Ypresentation-any-thread

  last tree to typer: TypeTree
       tree position: line 70 of file:///C:/Users/AlumnoM_AI/Documents/ProyectosTajamar/parte3/3.1%20Visual%20Studio%20Code%20+%20Metals%20+%20sbt/torneo-twenty-one/src/main/scala/Main.scala
            tree tpe: <error>
              symbol: <none>
   symbol definition: <none> (a NoSymbol)
      symbol package: <none>
       symbol owners: 
           call site: <none> in <none>

== Source file context for tree position ==

    67     i=i+1
    68 }
    69 val totalJugadores=jugadores.length
    70 val totalValidas=puntuaciones.count(p=>!bust(_CURSOR_p))
    71 val totalBust=puntuaciones.count(p=>bust(p))
    72 
    73 println("--- Resumen de la ronda ---") (full report at: "C:\Users\AlumnoM_AI\Documents\ProyectosTajamar\parte3\3.1 Visual Studio Code + Metals + sbt\torneo-twenty-one\.metals\.reports\metals-full\2026-09-17\r_compiler-error_(torneo-twenty-one)_11-15-51-055.md")
sept 17, 2026 11:15:51 A. M. scala.meta.internal.pc.CompilerAccess retryWithCleanCompiler
INFORMACIÓN: compiler crashed due to an error in the Scala compiler, retrying with new compiler instance.
2026.09.17 11:15:50 INFO  Created report: Optional[file:///C:/Users/AlumnoM_AI/Documents/ProyectosTajamar/parte3/3.1%20Visual%20Studio%20Code%20+%20Metals%20+%20sbt/torneo-twenty-one/src/main/scala/Main.scala]
2026.09.17 11:15:50 INFO  scala.reflect.internal.FatalError: 
  ThisType(value $anonfun) for sym which is not a class
     while compiling: file:///C:/Users/AlumnoM_AI/Documents/ProyectosTajamar/parte3/3.1%20Visual%20Studio%20Code%20+%20Metals%20+%20sbt/torneo-twenty-one/src/main/scala/Main.scala
        during phase: globalPhase=<no phase>, enteringPhase=parser
     library version: version 2.12.21
    compiler version: version 2.12.21
  reconstructed args: -classpath C:\Users\AlumnoM_AI\Documents\ProyectosTajamar\parte3\3.1 Visual Studio Code + Metals + sbt\torneo-twenty-one\.bloop\torneo-twenty-one\bloop-bsp-clients-classes\classes-Metals-URaet79gQ2as0pEI5lmZvw==;C:\Users\AlumnoM_AI\AppData\Local\bloop\cache\semanticdb\com.sourcegraph.semanticdb-javac.0.12.3\semanticdb-javac-0.12.3.jar;C:\Users\AlumnoM_AI\.sbt\boot\scala-2.12.21\lib\scala-library.jar -Xplugin-require:semanticdb -Yrangepos -Ymacro-expand:discard -Ycache-plugin-class-loader:last-modified -Ypresentation-any-thread

  last tree to typer: TypeTree
       tree position: line 70 of file:///C:/Users/AlumnoM_AI/Documents/ProyectosTajamar/parte3/3.1%20Visual%20Studio%20Code%20+%20Metals%20+%20sbt/torneo-twenty-one/src/main/scala/Main.scala
            tree tpe: <error>
              symbol: <none>
   symbol definition: <none> (a NoSymbol)
      symbol package: <none>
       symbol owners: 
           call site: <none> in <none>

== Source file context for tree position ==

    67     i=i+1
    68 }
    69 val totalJugadores=jugadores.length
    70 val totalValidas=puntuaciones.count(_CURSOR_p=>!bust(p))
    71 val totalBust=puntuaciones.count(p=>bust(p))
    72 
    73 println("--- Resumen de la ronda ---") (full report at: "C:\Users\AlumnoM_AI\Documents\ProyectosTajamar\parte3\3.1 Visual Studio Code + Metals + sbt\torneo-twenty-one\.metals\.reports\metals-full\2026-09-17\r_compiler-error_(torneo-twenty-one)_11-15-51-758.md")
sept 17, 2026 11:15:51 A. M. scala.meta.internal.pc.CompilerAccess retryWithCleanCompiler
INFORMACIÓN: compiler crashed due to an error in the Scala compiler, retrying with new compiler instance.
2026.09.17 11:15:51 INFO  Created report: Optional[file:///C:/Users/AlumnoM_AI/Documents/ProyectosTajamar/parte3/3.1%20Visual%20Studio%20Code%20+%20Metals%20+%20sbt/torneo-twenty-one/src/main/scala/Main.scala]
2026.09.17 11:15:51 INFO  scala.reflect.internal.FatalError: 
  ThisType(value $anonfun) for sym which is not a class
     while compiling: file:///C:/Users/AlumnoM_AI/Documents/ProyectosTajamar/parte3/3.1%20Visual%20Studio%20Code%20+%20Metals%20+%20sbt/torneo-twenty-one/src/main/scala/Main.scala
        during phase: globalPhase=<no phase>, enteringPhase=parser
     library version: version 2.12.21
    compiler version: version 2.12.21
  reconstructed args: -classpath C:\Users\AlumnoM_AI\Documents\ProyectosTajamar\parte3\3.1 Visual Studio Code + Metals + sbt\torneo-twenty-one\.bloop\torneo-twenty-one\bloop-bsp-clients-classes\classes-Metals-URaet79gQ2as0pEI5lmZvw==;C:\Users\AlumnoM_AI\AppData\Local\bloop\cache\semanticdb\com.sourcegraph.semanticdb-javac.0.12.3\semanticdb-javac-0.12.3.jar;C:\Users\AlumnoM_AI\.sbt\boot\scala-2.12.21\lib\scala-library.jar -Xplugin-require:semanticdb -Yrangepos -Ymacro-expand:discard -Ycache-plugin-class-loader:last-modified -Ypresentation-any-thread

  last tree to typer: TypeTree
       tree position: line 70 of file:///C:/Users/AlumnoM_AI/Documents/ProyectosTajamar/parte3/3.1%20Visual%20Studio%20Code%20+%20Metals%20+%20sbt/torneo-twenty-one/src/main/scala/Main.scala
            tree tpe: <error>
              symbol: <none>
   symbol definition: <none> (a NoSymbol)
      symbol package: <none>
       symbol owners: 
           call site: <none> in <none>

== Source file context for tree position ==

    67     i=i+1
    68 }
    69 val totalJugadores=jugadores.length
    70 val totalValidas=puntuaciones.count(p=>!bust(_CURSOR_p))
    71 val totalBust=puntuaciones.count(p=>bust(p))
    72 
    73 println("--- Resumen de la ronda ---") (full report at: "C:\Users\AlumnoM_AI\Documents\ProyectosTajamar\parte3\3.1 Visual Studio Code + Metals + sbt\torneo-twenty-one\.metals\.reports\metals-full\2026-09-17\r_compiler-error_(torneo-twenty-one)_11-15-51-896.md")
sept 17, 2026 11:15:51 A. M. scala.meta.internal.pc.CompilerAccess retryWithCleanCompiler
INFORMACIÓN: compiler crashed due to an error in the Scala compiler, retrying with new compiler instance.
2026.09.17 11:15:51 INFO  Created report: Optional[file:///C:/Users/AlumnoM_AI/Documents/ProyectosTajamar/parte3/3.1%20Visual%20Studio%20Code%20+%20Metals%20+%20sbt/torneo-twenty-one/src/main/scala/Main.scala]
2026.09.17 11:15:51 INFO  scala.reflect.internal.FatalError: 
  ThisType(value $anonfun) for sym which is not a class
     while compiling: file:///C:/Users/AlumnoM_AI/Documents/ProyectosTajamar/parte3/3.1%20Visual%20Studio%20Code%20+%20Metals%20+%20sbt/torneo-twenty-one/src/main/scala/Main.scala
        during phase: globalPhase=<no phase>, enteringPhase=parser
     library version: version 2.12.21
    compiler version: version 2.12.21
  reconstructed args: -classpath C:\Users\AlumnoM_AI\Documents\ProyectosTajamar\parte3\3.1 Visual Studio Code + Metals + sbt\torneo-twenty-one\.bloop\torneo-twenty-one\bloop-bsp-clients-classes\classes-Metals-URaet79gQ2as0pEI5lmZvw==;C:\Users\AlumnoM_AI\AppData\Local\bloop\cache\semanticdb\com.sourcegraph.semanticdb-javac.0.12.3\semanticdb-javac-0.12.3.jar;C:\Users\AlumnoM_AI\.sbt\boot\scala-2.12.21\lib\scala-library.jar -Xplugin-require:semanticdb -Yrangepos -Ymacro-expand:discard -Ycache-plugin-class-loader:last-modified -Ypresentation-any-thread

  last tree to typer: TypeTree
       tree position: line 70 of file:///C:/Users/AlumnoM_AI/Documents/ProyectosTajamar/parte3/3.1%20Visual%20Studio%20Code%20+%20Metals%20+%20sbt/torneo-twenty-one/src/main/scala/Main.scala
            tree tpe: <error>
              symbol: <none>
   symbol definition: <none> (a NoSymbol)
      symbol package: <none>
       symbol owners: 
           call site: <none> in <none>

== Source file context for tree position ==

    67     i=i+1
    68 }
    69 val totalJugadores=jugadores.length
    70 val totalValidas=puntuaciones.count(_CURSOR_p=>!bust(p))
    71 val totalBust=puntuaciones.count(p=>bust(p))
    72 
    73 println("--- Resumen de la ronda ---") (full report at: "C:\Users\AlumnoM_AI\Documents\ProyectosTajamar\parte3\3.1 Visual Studio Code + Metals + sbt\torneo-twenty-one\.metals\.reports\metals-full\2026-09-17\r_compiler-error_(torneo-twenty-one)_11-15-52-031.md")
sept 17, 2026 11:15:52 A. M. scala.meta.internal.pc.CompilerAccess retryWithCleanCompiler
INFORMACIÓN: compiler crashed due to an error in the Scala compiler, retrying with new compiler instance.
2026.09.17 11:15:51 INFO  Created report: Optional[file:///C:/Users/AlumnoM_AI/Documents/ProyectosTajamar/parte3/3.1%20Visual%20Studio%20Code%20+%20Metals%20+%20sbt/torneo-twenty-one/src/main/scala/Main.scala]
2026.09.17 11:15:51 INFO  scala.reflect.internal.FatalError: 
  ThisType(value $anonfun) for sym which is not a class
     while compiling: file:///C:/Users/AlumnoM_AI/Documents/ProyectosTajamar/parte3/3.1%20Visual%20Studio%20Code%20+%20Metals%20+%20sbt/torneo-twenty-one/src/main/scala/Main.scala
        during phase: globalPhase=<no phase>, enteringPhase=parser
     library version: version 2.12.21
    compiler version: version 2.12.21
  reconstructed args: -classpath C:\Users\AlumnoM_AI\Documents\ProyectosTajamar\parte3\3.1 Visual Studio Code + Metals + sbt\torneo-twenty-one\.bloop\torneo-twenty-one\bloop-bsp-clients-classes\classes-Metals-URaet79gQ2as0pEI5lmZvw==;C:\Users\AlumnoM_AI\AppData\Local\bloop\cache\semanticdb\com.sourcegraph.semanticdb-javac.0.12.3\semanticdb-javac-0.12.3.jar;C:\Users\AlumnoM_AI\.sbt\boot\scala-2.12.21\lib\scala-library.jar -Xplugin-require:semanticdb -Yrangepos -Ymacro-expand:discard -Ycache-plugin-class-loader:last-modified -Ypresentation-any-thread

  last tree to typer: TypeTree
       tree position: line 70 of file:///C:/Users/AlumnoM_AI/Documents/ProyectosTajamar/parte3/3.1%20Visual%20Studio%20Code%20+%20Metals%20+%20sbt/torneo-twenty-one/src/main/scala/Main.scala
            tree tpe: <error>
              symbol: <none>
   symbol definition: <none> (a NoSymbol)
      symbol package: <none>
       symbol owners: 
           call site: <none> in <none>

== Source file context for tree position ==

    67     i=i+1
    68 }
    69 val totalJugadores=jugadores.length
    70 val totalValidas=puntuaciones.count(p=>!bust(_CURSOR_p))
    71 val totalBust=puntuaciones.count(p=>bust(p))
    72 
    73 println("--- Resumen de la ronda ---") (full report at: "C:\Users\AlumnoM_AI\Documents\ProyectosTajamar\parte3\3.1 Visual Studio Code + Metals + sbt\torneo-twenty-one\.metals\.reports\metals-full\2026-09-17\r_compiler-error_(torneo-twenty-one)_11-15-52-147.md")
sept 17, 2026 11:15:52 A. M. scala.meta.internal.pc.CompilerAccess retryWithCleanCompiler
INFORMACIÓN: compiler crashed due to an error in the Scala compiler, retrying with new compiler instance.
2026.09.17 11:15:51 INFO  Created report: Optional[file:///C:/Users/AlumnoM_AI/Documents/ProyectosTajamar/parte3/3.1%20Visual%20Studio%20Code%20+%20Metals%20+%20sbt/torneo-twenty-one/src/main/scala/Main.scala]
2026.09.17 11:15:51 INFO  scala.reflect.internal.FatalError: 
  ThisType(value $anonfun) for sym which is not a class
     while compiling: file:///C:/Users/AlumnoM_AI/Documents/ProyectosTajamar/parte3/3.1%20Visual%20Studio%20Code%20+%20Metals%20+%20sbt/torneo-twenty-one/src/main/scala/Main.scala
        during phase: globalPhase=<no phase>, enteringPhase=parser
     library version: version 2.12.21
    compiler version: version 2.12.21
  reconstructed args: -classpath C:\Users\AlumnoM_AI\Documents\ProyectosTajamar\parte3\3.1 Visual Studio Code + Metals + sbt\torneo-twenty-one\.bloop\torneo-twenty-one\bloop-bsp-clients-classes\classes-Metals-URaet79gQ2as0pEI5lmZvw==;C:\Users\AlumnoM_AI\AppData\Local\bloop\cache\semanticdb\com.sourcegraph.semanticdb-javac.0.12.3\semanticdb-javac-0.12.3.jar;C:\Users\AlumnoM_AI\.sbt\boot\scala-2.12.21\lib\scala-library.jar -Xplugin-require:semanticdb -Yrangepos -Ymacro-expand:discard -Ycache-plugin-class-loader:last-modified -Ypresentation-any-thread

  last tree to typer: TypeTree
       tree position: line 70 of file:///C:/Users/AlumnoM_AI/Documents/ProyectosTajamar/parte3/3.1%20Visual%20Studio%20Code%20+%20Metals%20+%20sbt/torneo-twenty-one/src/main/scala/Main.scala
            tree tpe: <error>
              symbol: <none>
   symbol definition: <none> (a NoSymbol)
      symbol package: <none>
       symbol owners: 
           call site: <none> in <none>

== Source file context for tree position ==

    67     i=i+1
    68 }
    69 val totalJugadores=jugadores.length
    70 val totalValidas=puntuaciones.count(p=>!bust(_CURSOR_p))
    71 val totalBust=puntuaciones.count(p=>bust(p))
    72 
    73 println("--- Resumen de la ronda ---") (full report at: "C:\Users\AlumnoM_AI\Documents\ProyectosTajamar\parte3\3.1 Visual Studio Code + Metals + sbt\torneo-twenty-one\.metals\.reports\metals-full\2026-09-17\r_compiler-error_(torneo-twenty-one)_11-15-52-254.md")
sept 17, 2026 11:15:52 A. M. scala.meta.internal.pc.CompilerAccess retryWithCleanCompiler
INFORMACIÓN: compiler crashed due to an error in the Scala compiler, retrying with new compiler instance.
2026.09.17 11:15:51 INFO  Created report: Optional[file:///C:/Users/AlumnoM_AI/Documents/ProyectosTajamar/parte3/3.1%20Visual%20Studio%20Code%20+%20Metals%20+%20sbt/torneo-twenty-one/src/main/scala/Main.scala]
2026.09.17 11:15:51 INFO  scala.reflect.internal.FatalError: 
  ThisType(value $anonfun) for sym which is not a class
     while compiling: file:///C:/Users/AlumnoM_AI/Documents/ProyectosTajamar/parte3/3.1%20Visual%20Studio%20Code%20+%20Metals%20+%20sbt/torneo-twenty-one/src/main/scala/Main.scala
        during phase: globalPhase=<no phase>, enteringPhase=parser
     library version: version 2.12.21
    compiler version: version 2.12.21
  reconstructed args: -classpath C:\Users\AlumnoM_AI\Documents\ProyectosTajamar\parte3\3.1 Visual Studio Code + Metals + sbt\torneo-twenty-one\.bloop\torneo-twenty-one\bloop-bsp-clients-classes\classes-Metals-URaet79gQ2as0pEI5lmZvw==;C:\Users\AlumnoM_AI\AppData\Local\bloop\cache\semanticdb\com.sourcegraph.semanticdb-javac.0.12.3\semanticdb-javac-0.12.3.jar;C:\Users\AlumnoM_AI\.sbt\boot\scala-2.12.21\lib\scala-library.jar -Xplugin-require:semanticdb -Yrangepos -Ymacro-expand:discard -Ycache-plugin-class-loader:last-modified -Ypresentation-any-thread

  last tree to typer: TypeTree
       tree position: line 70 of file:///C:/Users/AlumnoM_AI/Documents/ProyectosTajamar/parte3/3.1%20Visual%20Studio%20Code%20+%20Metals%20+%20sbt/torneo-twenty-one/src/main/scala/Main.scala
            tree tpe: <error>
              symbol: <none>
   symbol definition: <none> (a NoSymbol)
      symbol package: <none>
       symbol owners: 
           call site: <none> in <none>

== Source file context for tree position ==

    67     i=i+1
    68 }
    69 val totalJugadores=jugadores.length
    70 val totalValidas=puntuaciones.count(_CURSOR_p=>!bust(p))
    71 val totalBust=puntuaciones.count(p=>bust(p))
    72 
    73 println("--- Resumen de la ronda ---") (full report at: "C:\Users\AlumnoM_AI\Documents\ProyectosTajamar\parte3\3.1 Visual Studio Code + Metals + sbt\torneo-twenty-one\.metals\.reports\metals-full\2026-09-17\r_compiler-error_(torneo-twenty-one)_11-15-52-366.md")
sept 17, 2026 11:15:52 A. M. scala.meta.internal.pc.CompilerAccess retryWithCleanCompiler
INFORMACIÓN: compiler crashed due to an error in the Scala compiler, retrying with new compiler instance.
2026.09.17 11:15:51 INFO  Created report: Optional[file:///C:/Users/AlumnoM_AI/Documents/ProyectosTajamar/parte3/3.1%20Visual%20Studio%20Code%20+%20Metals%20+%20sbt/torneo-twenty-one/src/main/scala/Main.scala]
2026.09.17 11:15:51 INFO  scala.reflect.internal.FatalError: 
  ThisType(value $anonfun) for sym which is not a class
     while compiling: file:///C:/Users/AlumnoM_AI/Documents/ProyectosTajamar/parte3/3.1%20Visual%20Studio%20Code%20+%20Metals%20+%20sbt/torneo-twenty-one/src/main/scala/Main.scala
        during phase: globalPhase=<no phase>, enteringPhase=parser
     library version: version 2.12.21
    compiler version: version 2.12.21
  reconstructed args: -classpath C:\Users\AlumnoM_AI\Documents\ProyectosTajamar\parte3\3.1 Visual Studio Code + Metals + sbt\torneo-twenty-one\.bloop\torneo-twenty-one\bloop-bsp-clients-classes\classes-Metals-URaet79gQ2as0pEI5lmZvw==;C:\Users\AlumnoM_AI\AppData\Local\bloop\cache\semanticdb\com.sourcegraph.semanticdb-javac.0.12.3\semanticdb-javac-0.12.3.jar;C:\Users\AlumnoM_AI\.sbt\boot\scala-2.12.21\lib\scala-library.jar -Xplugin-require:semanticdb -Yrangepos -Ymacro-expand:discard -Ycache-plugin-class-loader:last-modified -Ypresentation-any-thread

  last tree to typer: TypeTree
       tree position: line 70 of file:///C:/Users/AlumnoM_AI/Documents/ProyectosTajamar/parte3/3.1%20Visual%20Studio%20Code%20+%20Metals%20+%20sbt/torneo-twenty-one/src/main/scala/Main.scala
            tree tpe: <error>
              symbol: <none>
   symbol definition: <none> (a NoSymbol)
      symbol package: <none>
       symbol owners: 
           call site: <none> in <none>

== Source file context for tree position ==

    67     i=i+1
    68 }
    69 val totalJugadores=jugadores.length
    70 val totalValidas=puntuaciones.count(p=>!bust(_CURSOR_p))
    71 val totalBust=puntuaciones.count(p=>bust(p))
    72 
    73 println("--- Resumen de la ronda ---") (full report at: "C:\Users\AlumnoM_AI\Documents\ProyectosTajamar\parte3\3.1 Visual Studio Code + Metals + sbt\torneo-twenty-one\.metals\.reports\metals-full\2026-09-17\r_compiler-error_(torneo-twenty-one)_11-15-52-555.md")
sept 17, 2026 11:15:52 A. M. scala.meta.internal.pc.CompilerAccess retryWithCleanCompiler
INFORMACIÓN: compiler crashed due to an error in the Scala compiler, retrying with new compiler instance.
2026.09.17 11:15:51 INFO  Created report: Optional[file:///C:/Users/AlumnoM_AI/Documents/ProyectosTajamar/parte3/3.1%20Visual%20Studio%20Code%20+%20Metals%20+%20sbt/torneo-twenty-one/src/main/scala/Main.scala]
2026.09.17 11:15:51 INFO  scala.reflect.internal.FatalError: 
  ThisType(value $anonfun) for sym which is not a class
     while compiling: file:///C:/Users/AlumnoM_AI/Documents/ProyectosTajamar/parte3/3.1%20Visual%20Studio%20Code%20+%20Metals%20+%20sbt/torneo-twenty-one/src/main/scala/Main.scala
        during phase: globalPhase=<no phase>, enteringPhase=parser
     library version: version 2.12.21
    compiler version: version 2.12.21
  reconstructed args: -classpath C:\Users\AlumnoM_AI\Documents\ProyectosTajamar\parte3\3.1 Visual Studio Code + Metals + sbt\torneo-twenty-one\.bloop\torneo-twenty-one\bloop-bsp-clients-classes\classes-Metals-URaet79gQ2as0pEI5lmZvw==;C:\Users\AlumnoM_AI\AppData\Local\bloop\cache\semanticdb\com.sourcegraph.semanticdb-javac.0.12.3\semanticdb-javac-0.12.3.jar;C:\Users\AlumnoM_AI\.sbt\boot\scala-2.12.21\lib\scala-library.jar -Xplugin-require:semanticdb -Yrangepos -Ymacro-expand:discard -Ycache-plugin-class-loader:last-modified -Ypresentation-any-thread

  last tree to typer: TypeTree
       tree position: line 70 of file:///C:/Users/AlumnoM_AI/Documents/ProyectosTajamar/parte3/3.1%20Visual%20Studio%20Code%20+%20Metals%20+%20sbt/torneo-twenty-one/src/main/scala/Main.scala
            tree tpe: <error>
              symbol: <none>
   symbol definition: <none> (a NoSymbol)
      symbol package: <none>
       symbol owners: 
           call site: <none> in <none>

== Source file context for tree position ==

    67     i=i+1
    68 }
    69 val totalJugadores=jugadores.length
    70 val totalValidas=puntuaciones.count(_CURSOR_p=>!bust(p))
    71 val totalBust=puntuaciones.count(p=>bust(p))
    72 
    73 println("--- Resumen de la ronda ---") (full report at: "C:\Users\AlumnoM_AI\Documents\ProyectosTajamar\parte3\3.1 Visual Studio Code + Metals + sbt\torneo-twenty-one\.metals\.reports\metals-full\2026-09-17\r_compiler-error_(torneo-twenty-one)_11-15-52-701.md")
sept 17, 2026 11:15:52 A. M. scala.meta.internal.pc.CompilerAccess retryWithCleanCompiler
INFORMACIÓN: compiler crashed due to an error in the Scala compiler, retrying with new compiler instance.
2026.09.17 11:15:51 INFO  Created report: Optional[file:///C:/Users/AlumnoM_AI/Documents/ProyectosTajamar/parte3/3.1%20Visual%20Studio%20Code%20+%20Metals%20+%20sbt/torneo-twenty-one/src/main/scala/Main.scala]
2026.09.17 11:15:51 INFO  scala.reflect.internal.FatalError: 
  ThisType(value $anonfun) for sym which is not a class
     while compiling: file:///C:/Users/AlumnoM_AI/Documents/ProyectosTajamar/parte3/3.1%20Visual%20Studio%20Code%20+%20Metals%20+%20sbt/torneo-twenty-one/src/main/scala/Main.scala
        during phase: globalPhase=<no phase>, enteringPhase=parser
     library version: version 2.12.21
    compiler version: version 2.12.21
  reconstructed args: -classpath C:\Users\AlumnoM_AI\Documents\ProyectosTajamar\parte3\3.1 Visual Studio Code + Metals + sbt\torneo-twenty-one\.bloop\torneo-twenty-one\bloop-bsp-clients-classes\classes-Metals-URaet79gQ2as0pEI5lmZvw==;C:\Users\AlumnoM_AI\AppData\Local\bloop\cache\semanticdb\com.sourcegraph.semanticdb-javac.0.12.3\semanticdb-javac-0.12.3.jar;C:\Users\AlumnoM_AI\.sbt\boot\scala-2.12.21\lib\scala-library.jar -Xplugin-require:semanticdb -Yrangepos -Ymacro-expand:discard -Ycache-plugin-class-loader:last-modified -Ypresentation-any-thread

  last tree to typer: TypeTree
       tree position: line 70 of file:///C:/Users/AlumnoM_AI/Documents/ProyectosTajamar/parte3/3.1%20Visual%20Studio%20Code%20+%20Metals%20+%20sbt/torneo-twenty-one/src/main/scala/Main.scala
            tree tpe: <error>
              symbol: <none>
   symbol definition: <none> (a NoSymbol)
      symbol package: <none>
       symbol owners: 
           call site: <none> in <none>

== Source file context for tree position ==

    67     i=i+1
    68 }
    69 val totalJugadores=jugadores.length
    70 val totalValidas=puntuaciones.count(_CURSOR_p=>!bust(p))
    71 val totalBust=puntuaciones.count(p=>bust(p))
    72 
    73 println("--- Resumen de la ronda ---") (full report at: "C:\Users\AlumnoM_AI\Documents\ProyectosTajamar\parte3\3.1 Visual Studio Code + Metals + sbt\torneo-twenty-one\.metals\.reports\metals-full\2026-09-17\r_compiler-error_(torneo-twenty-one)_11-15-52-851.md")
sept 17, 2026 11:15:53 A. M. scala.meta.internal.pc.CompilerAccess retryWithCleanCompiler
INFORMACIÓN: compiler crashed due to an error in the Scala compiler, retrying with new compiler instance.
2026.09.17 11:15:53 INFO  Created report: Optional[file:///C:/Users/AlumnoM_AI/Documents/ProyectosTajamar/parte3/3.1%20Visual%20Studio%20Code%20+%20Metals%20+%20sbt/torneo-twenty-one/src/main/scala/Main.scala]
2026.09.17 11:15:53 INFO  scala.reflect.internal.FatalError: 
  ThisType(value $anonfun) for sym which is not a class
     while compiling: file:///C:/Users/AlumnoM_AI/Documents/ProyectosTajamar/parte3/3.1%20Visual%20Studio%20Code%20+%20Metals%20+%20sbt/torneo-twenty-one/src/main/scala/Main.scala
        during phase: globalPhase=<no phase>, enteringPhase=parser
     library version: version 2.12.21
    compiler version: version 2.12.21
  reconstructed args: -classpath C:\Users\AlumnoM_AI\Documents\ProyectosTajamar\parte3\3.1 Visual Studio Code + Metals + sbt\torneo-twenty-one\.bloop\torneo-twenty-one\bloop-bsp-clients-classes\classes-Metals-URaet79gQ2as0pEI5lmZvw==;C:\Users\AlumnoM_AI\AppData\Local\bloop\cache\semanticdb\com.sourcegraph.semanticdb-javac.0.12.3\semanticdb-javac-0.12.3.jar;C:\Users\AlumnoM_AI\.sbt\boot\scala-2.12.21\lib\scala-library.jar -Xplugin-require:semanticdb -Yrangepos -Ymacro-expand:discard -Ycache-plugin-class-loader:last-modified -Ypresentation-any-thread

  last tree to typer: TypeTree(class Int)
       tree position: line 71 of file:///C:/Users/AlumnoM_AI/Documents/ProyectosTajamar/parte3/3.1%20Visual%20Studio%20Code%20+%20Metals%20+%20sbt/torneo-twenty-one/src/main/scala/Main.scala
            tree tpe: Int
              symbol: (final abstract) class Int in package scala
   symbol definition: final abstract class Int extends AnyVal (a ClassSymbol)
      symbol package: scala
       symbol owners: class Int
           call site: <none> in <none>

== Source file context for tree position ==

    68 }
    69 val totalJugadores=jugadores.length
    70 val totalValidas=puntuaciones.count(p)
    71 val t_CURSOR_otalBust=puntuaciones.count(p=>bust(p))
    72 
    73 println("--- Resumen de la ronda ---")
    74 println(s"Jugadores $totalJugadores") (full report at: "C:\Users\AlumnoM_AI\Documents\ProyectosTajamar\parte3\3.1 Visual Studio Code + Metals + sbt\torneo-twenty-one\.metals\.reports\metals-full\2026-09-17\r_compiler-error_(torneo-twenty-one)_11-15-53-316.md")
sept 17, 2026 11:15:53 A. M. scala.meta.internal.pc.CompilerAccess retryWithCleanCompiler
INFORMACIÓN: compiler crashed due to an error in the Scala compiler, retrying with new compiler instance.
sept 17, 2026 11:15:53 A. M. scala.meta.internal.pc.CompilerAccess retryWithCleanCompiler
INFORMACIÓN: compiler crashed due to an error in the Scala compiler, retrying with new compiler instance.
2026.09.17 11:15:53 INFO  Created report: Optional[file:///C:/Users/AlumnoM_AI/Documents/ProyectosTajamar/parte3/3.1%20Visual%20Studio%20Code%20+%20Metals%20+%20sbt/torneo-twenty-one/src/main/scala/Main.scala]
2026.09.17 11:15:53 INFO  scala.reflect.internal.FatalError: 
  ThisType(value $anonfun) for sym which is not a class
     while compiling: file:///C:/Users/AlumnoM_AI/Documents/ProyectosTajamar/parte3/3.1%20Visual%20Studio%20Code%20+%20Metals%20+%20sbt/torneo-twenty-one/src/main/scala/Main.scala
        during phase: globalPhase=<no phase>, enteringPhase=parser
     library version: version 2.12.21
    compiler version: version 2.12.21
  reconstructed args: -classpath C:\Users\AlumnoM_AI\Documents\ProyectosTajamar\parte3\3.1 Visual Studio Code + Metals + sbt\torneo-twenty-one\.bloop\torneo-twenty-one\bloop-bsp-clients-classes\classes-Metals-URaet79gQ2as0pEI5lmZvw==;C:\Users\AlumnoM_AI\AppData\Local\bloop\cache\semanticdb\com.sourcegraph.semanticdb-javac.0.12.3\semanticdb-javac-0.12.3.jar;C:\Users\AlumnoM_AI\.sbt\boot\scala-2.12.21\lib\scala-library.jar -Xplugin-require:semanticdb -Yrangepos -Ymacro-expand:discard -Ycache-plugin-class-loader:last-modified -Ypresentation-any-thread

  last tree to typer: TypeTree(class Int)
       tree position: line 71 of file:///C:/Users/AlumnoM_AI/Documents/ProyectosTajamar/parte3/3.1%20Visual%20Studio%20Code%20+%20Metals%20+%20sbt/torneo-twenty-one/src/main/scala/Main.scala
            tree tpe: Int
              symbol: (final abstract) class Int in package scala
   symbol definition: final abstract class Int extends AnyVal (a ClassSymbol)
      symbol package: scala
       symbol owners: class Int
           call site: <none> in <none>

== Source file context for tree position ==

    68 }
    69 val totalJugadores=jugadores.length
    70 val totalValidas=puntuaciones.count(p)
    71 val t_CURSOR_otalBust=puntuaciones.count(p=>bust(p))
    72 
    73 println("--- Resumen de la ronda ---")
    74 println(s"Jugadores $totalJugadores") (full report at: "C:\Users\AlumnoM_AI\Documents\ProyectosTajamar\parte3\3.1 Visual Studio Code + Metals + sbt\torneo-twenty-one\.metals\.reports\metals-full\2026-09-17\r_compiler-error_(torneo-twenty-one)_11-15-53-521.md")
sept 17, 2026 11:15:53 A. M. scala.meta.internal.pc.CompilerAccess retryWithCleanCompiler
INFORMACIÓN: compiler crashed due to an error in the Scala compiler, retrying with new compiler instance.
2026.09.17 11:15:53 INFO  Created report: Optional[file:///C:/Users/AlumnoM_AI/Documents/ProyectosTajamar/parte3/3.1%20Visual%20Studio%20Code%20+%20Metals%20+%20sbt/torneo-twenty-one/src/main/scala/Main.scala]
2026.09.17 11:15:53 INFO  scala.reflect.internal.FatalError: 
  ThisType(value $anonfun) for sym which is not a class
     while compiling: file:///C:/Users/AlumnoM_AI/Documents/ProyectosTajamar/parte3/3.1%20Visual%20Studio%20Code%20+%20Metals%20+%20sbt/torneo-twenty-one/src/main/scala/Main.scala
        during phase: globalPhase=<no phase>, enteringPhase=parser
     library version: version 2.12.21
    compiler version: version 2.12.21
  reconstructed args: -classpath C:\Users\AlumnoM_AI\Documents\ProyectosTajamar\parte3\3.1 Visual Studio Code + Metals + sbt\torneo-twenty-one\.bloop\torneo-twenty-one\bloop-bsp-clients-classes\classes-Metals-URaet79gQ2as0pEI5lmZvw==;C:\Users\AlumnoM_AI\AppData\Local\bloop\cache\semanticdb\com.sourcegraph.semanticdb-javac.0.12.3\semanticdb-javac-0.12.3.jar;C:\Users\AlumnoM_AI\.sbt\boot\scala-2.12.21\lib\scala-library.jar -Xplugin-require:semanticdb -Yrangepos -Ymacro-expand:discard -Ycache-plugin-class-loader:last-modified -Ypresentation-any-thread

  last tree to typer: TypeTree
       tree position: line 70 of file:///C:/Users/AlumnoM_AI/Documents/ProyectosTajamar/parte3/3.1%20Visual%20Studio%20Code%20+%20Metals%20+%20sbt/torneo-twenty-one/src/main/scala/Main.scala
            tree tpe: <error>
              symbol: <none>
   symbol definition: <none> (a NoSymbol)
      symbol package: <none>
       symbol owners: 
           call site: <none> in <none>

== Source file context for tree position ==

    67     i=i+1
    68 }
    69 val totalJugadores=jugadores.length
    70 val totalValidas=puntuaciones.count(_CURSOR_p)
    71 val totalBust=puntuaciones.count(p=>bust(p))
    72 
    73 println("--- Resumen de la ronda ---") (full report at: "C:\Users\AlumnoM_AI\Documents\ProyectosTajamar\parte3\3.1 Visual Studio Code + Metals + sbt\torneo-twenty-one\.metals\.reports\metals-full\2026-09-17\r_compiler-error_(torneo-twenty-one)_11-15-53-694.md")
sept 17, 2026 11:15:53 A. M. scala.meta.internal.pc.CompilerAccess retryWithCleanCompiler
INFORMACIÓN: compiler crashed due to an error in the Scala compiler, retrying with new compiler instance.
2026.09.17 11:15:53 INFO  Created report: Optional[file:///C:/Users/AlumnoM_AI/Documents/ProyectosTajamar/parte3/3.1%20Visual%20Studio%20Code%20+%20Metals%20+%20sbt/torneo-twenty-one/src/main/scala/Main.scala]
2026.09.17 11:15:53 INFO  scala.reflect.internal.FatalError: 
  ThisType(value $anonfun) for sym which is not a class
     while compiling: file:///C:/Users/AlumnoM_AI/Documents/ProyectosTajamar/parte3/3.1%20Visual%20Studio%20Code%20+%20Metals%20+%20sbt/torneo-twenty-one/src/main/scala/Main.scala
        during phase: globalPhase=<no phase>, enteringPhase=parser
     library version: version 2.12.21
    compiler version: version 2.12.21
  reconstructed args: -classpath C:\Users\AlumnoM_AI\Documents\ProyectosTajamar\parte3\3.1 Visual Studio Code + Metals + sbt\torneo-twenty-one\.bloop\torneo-twenty-one\bloop-bsp-clients-classes\classes-Metals-URaet79gQ2as0pEI5lmZvw==;C:\Users\AlumnoM_AI\AppData\Local\bloop\cache\semanticdb\com.sourcegraph.semanticdb-javac.0.12.3\semanticdb-javac-0.12.3.jar;C:\Users\AlumnoM_AI\.sbt\boot\scala-2.12.21\lib\scala-library.jar -Xplugin-require:semanticdb -Yrangepos -Ymacro-expand:discard -Ycache-plugin-class-loader:last-modified -Ypresentation-any-thread

  last tree to typer: TypeTree
       tree position: line 70 of file:///C:/Users/AlumnoM_AI/Documents/ProyectosTajamar/parte3/3.1%20Visual%20Studio%20Code%20+%20Metals%20+%20sbt/torneo-twenty-one/src/main/scala/Main.scala
            tree tpe: <error>
              symbol: <none>
   symbol definition: <none> (a NoSymbol)
      symbol package: <none>
       symbol owners: 
           call site: <none> in <none>

== Source file context for tree position ==

    67     i=i+1
    68 }
    69 val totalJugadores=jugadores.length
    70 val totalValidas=puntuaciones.count(_CURSOR_p)
    71 val totalBust=puntuaciones.count(p=>bust(p))
    72 
    73 println("--- Resumen de la ronda ---") (full report at: "C:\Users\AlumnoM_AI\Documents\ProyectosTajamar\parte3\3.1 Visual Studio Code + Metals + sbt\torneo-twenty-one\.metals\.reports\metals-full\2026-09-17\r_compiler-error_(torneo-twenty-one)_11-15-53-846.md")
sept 17, 2026 11:15:53 A. M. scala.meta.internal.pc.CompilerAccess retryWithCleanCompiler
INFORMACIÓN: compiler crashed due to an error in the Scala compiler, retrying with new compiler instance.
2026.09.17 11:15:53 INFO  Created report: Optional[file:///C:/Users/AlumnoM_AI/Documents/ProyectosTajamar/parte3/3.1%20Visual%20Studio%20Code%20+%20Metals%20+%20sbt/torneo-twenty-one/src/main/scala/Main.scala]
2026.09.17 11:15:53 INFO  scala.reflect.internal.FatalError: 
  ThisType(value $anonfun) for sym which is not a class
     while compiling: file:///C:/Users/AlumnoM_AI/Documents/ProyectosTajamar/parte3/3.1%20Visual%20Studio%20Code%20+%20Metals%20+%20sbt/torneo-twenty-one/src/main/scala/Main.scala
        during phase: globalPhase=<no phase>, enteringPhase=parser
     library version: version 2.12.21
    compiler version: version 2.12.21
  reconstructed args: -classpath C:\Users\AlumnoM_AI\Documents\ProyectosTajamar\parte3\3.1 Visual Studio Code + Metals + sbt\torneo-twenty-one\.bloop\torneo-twenty-one\bloop-bsp-clients-classes\classes-Metals-URaet79gQ2as0pEI5lmZvw==;C:\Users\AlumnoM_AI\AppData\Local\bloop\cache\semanticdb\com.sourcegraph.semanticdb-javac.0.12.3\semanticdb-javac-0.12.3.jar;C:\Users\AlumnoM_AI\.sbt\boot\scala-2.12.21\lib\scala-library.jar -Xplugin-require:semanticdb -Yrangepos -Ymacro-expand:discard -Ycache-plugin-class-loader:last-modified -Ypresentation-any-thread

  last tree to typer: TypeTree
       tree position: line 70 of file:///C:/Users/AlumnoM_AI/Documents/ProyectosTajamar/parte3/3.1%20Visual%20Studio%20Code%20+%20Metals%20+%20sbt/torneo-twenty-one/src/main/scala/Main.scala
            tree tpe: <error>
              symbol: <none>
   symbol definition: <none> (a NoSymbol)
      symbol package: <none>
       symbol owners: 
           call site: <none> in <none>

== Source file context for tree position ==

    67     i=i+1
    68 }
    69 val totalJugadores=jugadores.length
    70 val totalValidas=puntuaciones.count(_CURSOR_p)
    71 val totalBust=puntuaciones.count(p=>bust(p))
    72 
    73 println("--- Resumen de la ronda ---") (full report at: "C:\Users\AlumnoM_AI\Documents\ProyectosTajamar\parte3\3.1 Visual Studio Code + Metals + sbt\torneo-twenty-one\.metals\.reports\metals-full\2026-09-17\r_compiler-error_(torneo-twenty-one)_11-15-53-979.md")
2026.09.17 11:15:54 INFO  compiling torneo-twenty-one (1 scala source)
2026.09.17 11:15:54 INFO  time: compiled torneo-twenty-one in 0.16s
sept 17, 2026 11:15:54 A. M. scala.meta.internal.pc.CompilerAccess retryWithCleanCompiler
INFORMACIÓN: compiler crashed due to an error in the Scala compiler, retrying with new compiler instance.
2026.09.17 11:15:54 INFO  Created report: Optional[file:///C:/Users/AlumnoM_AI/Documents/ProyectosTajamar/parte3/3.1%20Visual%20Studio%20Code%20+%20Metals%20+%20sbt/torneo-twenty-one/src/main/scala/Main.scala]
2026.09.17 11:15:54 INFO  scala.reflect.internal.FatalError: 
  ThisType(value $anonfun) for sym which is not a class
     while compiling: file:///C:/Users/AlumnoM_AI/Documents/ProyectosTajamar/parte3/3.1%20Visual%20Studio%20Code%20+%20Metals%20+%20sbt/torneo-twenty-one/src/main/scala/Main.scala
        during phase: globalPhase=<no phase>, enteringPhase=parser
     library version: version 2.12.21
    compiler version: version 2.12.21
  reconstructed args: -classpath C:\Users\AlumnoM_AI\Documents\ProyectosTajamar\parte3\3.1 Visual Studio Code + Metals + sbt\torneo-twenty-one\.bloop\torneo-twenty-one\bloop-bsp-clients-classes\classes-Metals-URaet79gQ2as0pEI5lmZvw==;C:\Users\AlumnoM_AI\AppData\Local\bloop\cache\semanticdb\com.sourcegraph.semanticdb-javac.0.12.3\semanticdb-javac-0.12.3.jar;C:\Users\AlumnoM_AI\.sbt\boot\scala-2.12.21\lib\scala-library.jar -Xplugin-require:semanticdb -Yrangepos -Ymacro-expand:discard -Ycache-plugin-class-loader:last-modified -Ypresentation-any-thread

  last tree to typer: TypeTree
       tree position: line 70 of file:///C:/Users/AlumnoM_AI/Documents/ProyectosTajamar/parte3/3.1%20Visual%20Studio%20Code%20+%20Metals%20+%20sbt/torneo-twenty-one/src/main/scala/Main.scala
            tree tpe: <error>
              symbol: <none>
   symbol definition: <none> (a NoSymbol)
      symbol package: <none>
       symbol owners: 
           call site: <none> in <none>

== Source file context for tree position ==

    67     i=i+1
    68 }
    69 val totalJugadores=jugadores.length
    70 val totalValidas=puntuaciones.count(_CURSOR_p)
    71 val totalBust=puntuaciones.count(p=>bust(p))
    72 
    73 println("--- Resumen de la ronda ---") (full report at: "C:\Users\AlumnoM_AI\Documents\ProyectosTajamar\parte3\3.1 Visual Studio Code + Metals + sbt\torneo-twenty-one\.metals\.reports\metals-full\2026-09-17\r_compiler-error_(torneo-twenty-one)_11-15-54-643.md")
sept 17, 2026 11:15:54 A. M. scala.meta.internal.pc.CompilerAccess retryWithCleanCompiler
INFORMACIÓN: compiler crashed due to an error in the Scala compiler, retrying with new compiler instance.
2026.09.17 11:15:54 INFO  Created report: Optional[file:///C:/Users/AlumnoM_AI/Documents/ProyectosTajamar/parte3/3.1%20Visual%20Studio%20Code%20+%20Metals%20+%20sbt/torneo-twenty-one/src/main/scala/Main.scala]
2026.09.17 11:15:54 INFO  scala.reflect.internal.FatalError: 
  ThisType(value $anonfun) for sym which is not a class
     while compiling: file:///C:/Users/AlumnoM_AI/Documents/ProyectosTajamar/parte3/3.1%20Visual%20Studio%20Code%20+%20Metals%20+%20sbt/torneo-twenty-one/src/main/scala/Main.scala
        during phase: globalPhase=<no phase>, enteringPhase=parser
     library version: version 2.12.21
    compiler version: version 2.12.21
  reconstructed args: -classpath C:\Users\AlumnoM_AI\Documents\ProyectosTajamar\parte3\3.1 Visual Studio Code + Metals + sbt\torneo-twenty-one\.bloop\torneo-twenty-one\bloop-bsp-clients-classes\classes-Metals-URaet79gQ2as0pEI5lmZvw==;C:\Users\AlumnoM_AI\AppData\Local\bloop\cache\semanticdb\com.sourcegraph.semanticdb-javac.0.12.3\semanticdb-javac-0.12.3.jar;C:\Users\AlumnoM_AI\.sbt\boot\scala-2.12.21\lib\scala-library.jar -Xplugin-require:semanticdb -Yrangepos -Ymacro-expand:discard -Ycache-plugin-class-loader:last-modified -Ypresentation-any-thread

  last tree to typer: TypeTree
       tree position: line 70 of file:///C:/Users/AlumnoM_AI/Documents/ProyectosTajamar/parte3/3.1%20Visual%20Studio%20Code%20+%20Metals%20+%20sbt/torneo-twenty-one/src/main/scala/Main.scala
            tree tpe: <error>
              symbol: <none>
   symbol definition: <none> (a NoSymbol)
      symbol package: <none>
       symbol owners: 
           call site: <none> in <none>

== Source file context for tree position ==

    67     i=i+1
    68 }
    69 val totalJugadores=jugadores.length
    70 val totalValidas=puntuaciones.count(_CURSOR_p)
    71 val totalBust=puntuaciones.count(p=>bust(p))
    72 
    73 println("--- Resumen de la ronda ---") (full report at: "C:\Users\AlumnoM_AI\Documents\ProyectosTajamar\parte3\3.1 Visual Studio Code + Metals + sbt\torneo-twenty-one\.metals\.reports\metals-full\2026-09-17\r_compiler-error_(torneo-twenty-one)_11-15-54-752.md")
sept 17, 2026 11:15:56 A. M. scala.meta.internal.pc.CompilerAccess retryWithCleanCompiler
INFORMACIÓN: compiler crashed due to an error in the Scala compiler, retrying with new compiler instance.
2026.09.17 11:15:56 INFO  Created report: Optional[file:///C:/Users/AlumnoM_AI/Documents/ProyectosTajamar/parte3/3.1%20Visual%20Studio%20Code%20+%20Metals%20+%20sbt/torneo-twenty-one/src/main/scala/Main.scala]
2026.09.17 11:15:56 INFO  scala.reflect.internal.FatalError: 
  ThisType(value $anonfun) for sym which is not a class
     while compiling: file:///C:/Users/AlumnoM_AI/Documents/ProyectosTajamar/parte3/3.1%20Visual%20Studio%20Code%20+%20Metals%20+%20sbt/torneo-twenty-one/src/main/scala/Main.scala
        during phase: globalPhase=<no phase>, enteringPhase=parser
     library version: version 2.12.21
    compiler version: version 2.12.21
  reconstructed args: -classpath C:\Users\AlumnoM_AI\Documents\ProyectosTajamar\parte3\3.1 Visual Studio Code + Metals + sbt\torneo-twenty-one\.bloop\torneo-twenty-one\bloop-bsp-clients-classes\classes-Metals-URaet79gQ2as0pEI5lmZvw==;C:\Users\AlumnoM_AI\AppData\Local\bloop\cache\semanticdb\com.sourcegraph.semanticdb-javac.0.12.3\semanticdb-javac-0.12.3.jar;C:\Users\AlumnoM_AI\.sbt\boot\scala-2.12.21\lib\scala-library.jar -Xplugin-require:semanticdb -Yrangepos -Ymacro-expand:discard -Ycache-plugin-class-loader:last-modified -Ypresentation-any-thread

  last tree to typer: TypeTree
       tree position: line 70 of file:///C:/Users/AlumnoM_AI/Documents/ProyectosTajamar/parte3/3.1%20Visual%20Studio%20Code%20+%20Metals%20+%20sbt/torneo-twenty-one/src/main/scala/Main.scala
            tree tpe: <error>
              symbol: <none>
   symbol definition: <none> (a NoSymbol)
      symbol package: <none>
       symbol owners: 
           call site: <none> in <none>

== Source file context for tree position ==

    67     i=i+1
    68 }
    69 val totalJugadores=jugadores.length
    70 val totalValidas=puntuaciones.count(_CURSOR_p=>)
    71 val totalBust=puntuaciones.count(p=>bust(p))
    72 
    73 println("--- Resumen de la ronda ---") (full report at: "C:\Users\AlumnoM_AI\Documents\ProyectosTajamar\parte3\3.1 Visual Studio Code + Metals + sbt\torneo-twenty-one\.metals\.reports\metals-full\2026-09-17\r_compiler-error_(torneo-twenty-one)_11-15-56-806.md")
2026.09.17 11:15:57 INFO  compiling torneo-twenty-one (1 scala source)
2026.09.17 11:15:57 INFO  time: compiled torneo-twenty-one in 86ms
2026.09.17 11:16:02 INFO  compiling torneo-twenty-one (1 scala source)
2026.09.17 11:16:02 INFO  time: compiled torneo-twenty-one in 0.14s
sept 17, 2026 11:16:03 A. M. scala.meta.internal.pc.CompilerAccess retryWithCleanCompiler
INFORMACIÓN: compiler crashed due to an error in the Scala compiler, retrying with new compiler instance.
sept 17, 2026 11:16:04 A. M. scala.meta.internal.pc.CompilerAccess retryWithCleanCompiler
INFORMACIÓN: compiler crashed due to an error in the Scala compiler, retrying with new compiler instance.
2026.09.17 11:16:04 INFO  Created report: Optional[file:///C:/Users/AlumnoM_AI/Documents/ProyectosTajamar/parte3/3.1%20Visual%20Studio%20Code%20+%20Metals%20+%20sbt/torneo-twenty-one/src/main/scala/Main.scala]
2026.09.17 11:16:04 INFO  scala.reflect.internal.FatalError: 
  ThisType(value $anonfun) for sym which is not a class
     while compiling: file:///C:/Users/AlumnoM_AI/Documents/ProyectosTajamar/parte3/3.1%20Visual%20Studio%20Code%20+%20Metals%20+%20sbt/torneo-twenty-one/src/main/scala/Main.scala
        during phase: globalPhase=<no phase>, enteringPhase=parser
     library version: version 2.12.21
    compiler version: version 2.12.21
  reconstructed args: -classpath C:\Users\AlumnoM_AI\Documents\ProyectosTajamar\parte3\3.1 Visual Studio Code + Metals + sbt\torneo-twenty-one\.bloop\torneo-twenty-one\bloop-bsp-clients-classes\classes-Metals-URaet79gQ2as0pEI5lmZvw==;C:\Users\AlumnoM_AI\AppData\Local\bloop\cache\semanticdb\com.sourcegraph.semanticdb-javac.0.12.3\semanticdb-javac-0.12.3.jar;C:\Users\AlumnoM_AI\.sbt\boot\scala-2.12.21\lib\scala-library.jar -Xplugin-require:semanticdb -Yrangepos -Ymacro-expand:discard -Ycache-plugin-class-loader:last-modified -Ypresentation-any-thread

  last tree to typer: TypeTree
       tree position: line 70 of file:///C:/Users/AlumnoM_AI/Documents/ProyectosTajamar/parte3/3.1%20Visual%20Studio%20Code%20+%20Metals%20+%20sbt/torneo-twenty-one/src/main/scala/Main.scala
            tree tpe: <error>
              symbol: <none>
   symbol definition: <none> (a NoSymbol)
      symbol package: <none>
       symbol owners: 
           call site: <none> in <none>

== Source file context for tree position ==

    67     i=i+1
    68 }
    69 val totalJugadores=jugadores.length
    70 val totalValidas=puntuaciones.count(_CURSOR_p=>!busto)
    71 val totalBust=puntuaciones.count(p=>bust(p))
    72 
    73 println("--- Resumen de la ronda ---") (full report at: "C:\Users\AlumnoM_AI\Documents\ProyectosTajamar\parte3\3.1 Visual Studio Code + Metals + sbt\torneo-twenty-one\.metals\.reports\metals-full\2026-09-17\r_compiler-error_(torneo-twenty-one)_11-16-04-379.md")
sept 17, 2026 11:16:06 A. M. scala.meta.internal.pc.CompilerAccess retryWithCleanCompiler
INFORMACIÓN: compiler crashed due to an error in the Scala compiler, retrying with new compiler instance.
2026.09.17 11:16:06 INFO  Created report: Optional[file:///C:/Users/AlumnoM_AI/Documents/ProyectosTajamar/parte3/3.1%20Visual%20Studio%20Code%20+%20Metals%20+%20sbt/torneo-twenty-one/src/main/scala/Main.scala]
2026.09.17 11:16:06 INFO  scala.reflect.internal.FatalError: 
  ThisType(value $anonfun) for sym which is not a class
     while compiling: file:///C:/Users/AlumnoM_AI/Documents/ProyectosTajamar/parte3/3.1%20Visual%20Studio%20Code%20+%20Metals%20+%20sbt/torneo-twenty-one/src/main/scala/Main.scala
        during phase: globalPhase=<no phase>, enteringPhase=parser
     library version: version 2.12.21
    compiler version: version 2.12.21
  reconstructed args: -classpath C:\Users\AlumnoM_AI\Documents\ProyectosTajamar\parte3\3.1 Visual Studio Code + Metals + sbt\torneo-twenty-one\.bloop\torneo-twenty-one\bloop-bsp-clients-classes\classes-Metals-URaet79gQ2as0pEI5lmZvw==;C:\Users\AlumnoM_AI\AppData\Local\bloop\cache\semanticdb\com.sourcegraph.semanticdb-javac.0.12.3\semanticdb-javac-0.12.3.jar;C:\Users\AlumnoM_AI\.sbt\boot\scala-2.12.21\lib\scala-library.jar -Xplugin-require:semanticdb -Yrangepos -Ymacro-expand:discard -Ycache-plugin-class-loader:last-modified -Ypresentation-any-thread

  last tree to typer: TypeTree
       tree position: line 70 of file:///C:/Users/AlumnoM_AI/Documents/ProyectosTajamar/parte3/3.1%20Visual%20Studio%20Code%20+%20Metals%20+%20sbt/torneo-twenty-one/src/main/scala/Main.scala
            tree tpe: <error>
              symbol: <none>
   symbol definition: <none> (a NoSymbol)
      symbol package: <none>
       symbol owners: 
           call site: <none> in <none>

== Source file context for tree position ==

    67     i=i+1
    68 }
    69 val totalJugadores=jugadores.length
    70 val totalValidas=puntuaciones.count(_CURSOR_p=>)
    71 val totalBust=puntuaciones.count(p=>bust(p))
    72 
    73 println("--- Resumen de la ronda ---") (full report at: "C:\Users\AlumnoM_AI\Documents\ProyectosTajamar\parte3\3.1 Visual Studio Code + Metals + sbt\torneo-twenty-one\.metals\.reports\metals-full\2026-09-17\r_compiler-error_(torneo-twenty-one)_11-16-06-113.md")
sept 17, 2026 11:16:06 A. M. scala.meta.internal.pc.CompilerAccess retryWithCleanCompiler
INFORMACIÓN: compiler crashed due to an error in the Scala compiler, retrying with new compiler instance.
2026.09.17 11:16:06 INFO  Created report: Optional[file:///C:/Users/AlumnoM_AI/Documents/ProyectosTajamar/parte3/3.1%20Visual%20Studio%20Code%20+%20Metals%20+%20sbt/torneo-twenty-one/src/main/scala/Main.scala]
2026.09.17 11:16:06 INFO  scala.reflect.internal.FatalError: 
  ThisType(value $anonfun) for sym which is not a class
     while compiling: file:///C:/Users/AlumnoM_AI/Documents/ProyectosTajamar/parte3/3.1%20Visual%20Studio%20Code%20+%20Metals%20+%20sbt/torneo-twenty-one/src/main/scala/Main.scala
        during phase: globalPhase=<no phase>, enteringPhase=parser
     library version: version 2.12.21
    compiler version: version 2.12.21
  reconstructed args: -classpath C:\Users\AlumnoM_AI\Documents\ProyectosTajamar\parte3\3.1 Visual Studio Code + Metals + sbt\torneo-twenty-one\.bloop\torneo-twenty-one\bloop-bsp-clients-classes\classes-Metals-URaet79gQ2as0pEI5lmZvw==;C:\Users\AlumnoM_AI\AppData\Local\bloop\cache\semanticdb\com.sourcegraph.semanticdb-javac.0.12.3\semanticdb-javac-0.12.3.jar;C:\Users\AlumnoM_AI\.sbt\boot\scala-2.12.21\lib\scala-library.jar -Xplugin-require:semanticdb -Yrangepos -Ymacro-expand:discard -Ycache-plugin-class-loader:last-modified -Ypresentation-any-thread

  last tree to typer: TypeTree
       tree position: line 70 of file:///C:/Users/AlumnoM_AI/Documents/ProyectosTajamar/parte3/3.1%20Visual%20Studio%20Code%20+%20Metals%20+%20sbt/torneo-twenty-one/src/main/scala/Main.scala
            tree tpe: <error>
              symbol: <none>
   symbol definition: <none> (a NoSymbol)
      symbol package: <none>
       symbol owners: 
           call site: <none> in <none>

== Source file context for tree position ==

    67     i=i+1
    68 }
    69 val totalJugadores=jugadores.length
    70 val totalValidas=puntuaciones.count(_CURSOR_p=> )
    71 val totalBust=puntuaciones.count(p=>bust(p))
    72 
    73 println("--- Resumen de la ronda ---") (full report at: "C:\Users\AlumnoM_AI\Documents\ProyectosTajamar\parte3\3.1 Visual Studio Code + Metals + sbt\torneo-twenty-one\.metals\.reports\metals-full\2026-09-17\r_compiler-error_(torneo-twenty-one)_11-16-06-831.md")
2026.09.17 11:16:07 INFO  compiling torneo-twenty-one (1 scala source)
2026.09.17 11:16:07 INFO  time: compiled torneo-twenty-one in 86ms
2026.09.17 11:16:08 INFO  compiling torneo-twenty-one (1 scala source)
2026.09.17 11:16:08 INFO  time: compiled torneo-twenty-one in 0.13s
2026.09.17 11:16:10 INFO  compiling torneo-twenty-one (1 scala source)
2026.09.17 11:16:10 INFO  time: compiled torneo-twenty-one in 0.11s
2026.09.17 11:16:12 INFO  compiling torneo-twenty-one (1 scala source)
2026.09.17 11:16:12 INFO  time: compiled torneo-twenty-one in 0.12s
2026.09.17 11:16:15 INFO  compiling torneo-twenty-one (1 scala source)
2026.09.17 11:16:15 INFO  time: compiled torneo-twenty-one in 0.71s
2026.09.17 11:16:35 INFO  compiling torneo-twenty-one (1 scala source)
2026.09.17 11:16:35 INFO  time: compiled torneo-twenty-one in 0.1s
2026.09.17 11:16:44 INFO  empty definition using pc, found symbol in pc:  (full report at: "C:\Users\AlumnoM_AI\Documents\ProyectosTajamar\parte3\3.1 Visual Studio Code + Metals + sbt\torneo-twenty-one\.metals\.reports\metals-full\2026-09-17\r_empty-definition_(torneo-twenty-one)_11-10-47-706.md")
2026.09.17 11:16:45 INFO  compiling torneo-twenty-one (1 scala source)
2026.09.17 11:16:45 INFO  time: compiled torneo-twenty-one in 89ms
2026.09.17 11:16:49 INFO  compiling torneo-twenty-one (1 scala source)
2026.09.17 11:16:49 INFO  time: compiled torneo-twenty-one in 0.77s
2026.09.17 11:17:37 INFO  compiling torneo-twenty-one (1 scala source)
2026.09.17 11:17:37 INFO  time: compiled torneo-twenty-one in 0.15s
2026.09.17 11:17:38 INFO  compiling torneo-twenty-one (1 scala source)
2026.09.17 11:17:38 INFO  time: compiled torneo-twenty-one in 0.14s
2026.09.17 11:17:39 INFO  compiling torneo-twenty-one (1 scala source)
2026.09.17 11:17:39 INFO  time: compiled torneo-twenty-one in 0.12s
sept 17, 2026 11:17:48 A. M. org.eclipse.lsp4j.jsonrpc.RemoteEndpoint handleCancellation
ADVERTENCIA: Unmatched cancel notification for request id 8089
2026.09.17 11:17:49 INFO  compiling torneo-twenty-one (1 scala source)
2026.09.17 11:17:49 INFO  time: compiled torneo-twenty-one in 0.12s
2026.09.17 11:17:51 INFO  compiling torneo-twenty-one (1 scala source)
2026.09.17 11:17:51 INFO  time: compiled torneo-twenty-one in 0.12s
2026.09.17 11:18:01 INFO  compiling torneo-twenty-one (1 scala source)
2026.09.17 11:18:01 INFO  time: compiled torneo-twenty-one in 86ms
2026.09.17 11:18:06 INFO  compiling torneo-twenty-one (1 scala source)
2026.09.17 11:18:06 INFO  time: compiled torneo-twenty-one in 0.13s
2026.09.17 11:18:11 INFO  compiling torneo-twenty-one (1 scala source)
2026.09.17 11:18:11 INFO  time: compiled torneo-twenty-one in 0.65s
2026.09.17 11:18:13 INFO  compiling torneo-twenty-one (1 scala source)
2026.09.17 11:18:13 INFO  time: compiled torneo-twenty-one in 0.74s
2026.09.17 11:18:15 INFO  compiling torneo-twenty-one (1 scala source)
2026.09.17 11:18:15 INFO  time: compiled torneo-twenty-one in 0.14s
2026.09.17 11:18:17 INFO  compiling torneo-twenty-one (1 scala source)
2026.09.17 11:18:17 INFO  time: compiled torneo-twenty-one in 0.66s
2026.09.17 11:18:22 INFO  compiling torneo-twenty-one (1 scala source)
2026.09.17 11:18:22 INFO  time: compiled torneo-twenty-one in 0.13s
2026.09.17 11:18:25 INFO  compiling torneo-twenty-one (1 scala source)
2026.09.17 11:18:25 INFO  time: compiled torneo-twenty-one in 0.68s
sept 17, 2026 11:18:29 A. M. org.eclipse.lsp4j.jsonrpc.RemoteEndpoint handleCancellation
ADVERTENCIA: Unmatched cancel notification for request id 8320
2026.09.17 11:18:33 INFO  compiling torneo-twenty-one (1 scala source)
2026.09.17 11:18:33 INFO  time: compiled torneo-twenty-one in 0.61s
2026.09.17 11:18:36 INFO  compiling torneo-twenty-one (1 scala source)
2026.09.17 11:18:36 INFO  time: compiled torneo-twenty-one in 0.65s
2026.09.17 11:18:38 INFO  compiling torneo-twenty-one (1 scala source)
2026.09.17 11:18:38 INFO  time: compiled torneo-twenty-one in 0.12s
2026.09.17 11:18:41 INFO  compiling torneo-twenty-one (1 scala source)
2026.09.17 11:18:41 INFO  time: compiled torneo-twenty-one in 0.66s
2026.09.17 11:18:46 INFO  Tracing is disabled for protocol dap-server. To enable tracing of incoming and outgoing JSON messages, create an empty file at C:\Users\AlumnoM_AI\Documents\ProyectosTajamar\parte3\3.1 Visual Studio Code + Metals + sbt\torneo-twenty-one\.metals\dap-server.trace.json or C:\Users\AlumnoM_AI\AppData\Local\scalameta\metals\cache\dap-server.trace.json
2026.09.17 11:18:46 INFO  Tracing is disabled for protocol dap-client. To enable tracing of incoming and outgoing JSON messages, create an empty file at C:\Users\AlumnoM_AI\Documents\ProyectosTajamar\parte3\3.1 Visual Studio Code + Metals + sbt\torneo-twenty-one\.metals\dap-client.trace.json or C:\Users\AlumnoM_AI\AppData\Local\scalameta\metals\cache\dap-client.trace.json
2026.09.17 11:18:46 INFO  Starting debug proxy for [Main]
2026.09.17 11:18:46 INFO  Loaded expression compiler in 1 millisecond
2026.09.17 11:18:47 INFO  Loaded all sources and classes in 1 second
2026.09.17 11:18:47 INFO  Initialized Scala 3 decoder in 0 milliseconds
2026.09.17 11:18:47 INFO  Trying to attach to remote debuggee VM kubernetes.docker.internal:65344 .
2026.09.17 11:18:47 INFO  Attaching to debuggee VM succeeded.
2026.09.17 11:18:48 INFO  Canceling debug proxy for [Main]
2026.09.17 11:18:47 INFO  Closing debug server tcp://0.0.0.0:65342
2026.09.17 11:20:06 INFO  compiling torneo-twenty-one (1 scala source)
2026.09.17 11:20:06 INFO  time: compiled torneo-twenty-one in 0.74s
sept 17, 2026 11:20:07 A. M. org.eclipse.lsp4j.jsonrpc.RemoteEndpoint handleCancellation
ADVERTENCIA: Unmatched cancel notification for request id 8459
2026.09.17 11:20:10 INFO  compiling torneo-twenty-one (1 scala source)
2026.09.17 11:20:10 INFO  time: compiled torneo-twenty-one in 0.7s
sept 17, 2026 11:20:17 A. M. org.eclipse.lsp4j.jsonrpc.RemoteEndpoint handleCancellation
ADVERTENCIA: Unmatched cancel notification for request id 8538
2026.09.17 11:20:18 INFO  compiling torneo-twenty-one (1 scala source)
2026.09.17 11:20:18 INFO  time: compiled torneo-twenty-one in 0.66s
2026.09.17 11:20:19 INFO  compiling torneo-twenty-one (1 scala source)
2026.09.17 11:20:19 INFO  time: compiled torneo-twenty-one in 0.25s
2026.09.17 11:20:26 INFO  compiling torneo-twenty-one (1 scala source)
2026.09.17 11:20:26 INFO  time: compiled torneo-twenty-one in 0.64s
2026.09.17 11:21:20 INFO  compiling torneo-twenty-one (1 scala source)
2026.09.17 11:21:20 INFO  time: compiled torneo-twenty-one in 0.14s
2026.09.17 11:21:21 INFO  compiling torneo-twenty-one (1 scala source)
2026.09.17 11:21:21 INFO  time: compiled torneo-twenty-one in 0.72s
2026.09.17 11:21:22 INFO  compiling torneo-twenty-one (1 scala source)
2026.09.17 11:21:22 INFO  time: compiled torneo-twenty-one in 50ms
2026.09.17 11:21:23 WARN  Could not load snapshot text for C:\Users\AlumnoM_AI\Documents\ProyectosTajamar\parte3\3.1 Visual Studio Code + Metals + sbt\torneo-twenty-one\src\main\scala\Main.scala
2026.09.17 11:21:23 WARN  Could not load snapshot text for C:\Users\AlumnoM_AI\Documents\ProyectosTajamar\parte3\3.1 Visual Studio Code + Metals + sbt\torneo-twenty-one\src\main\scala\Main.scala
2026.09.17 11:21:24 WARN  Could not load snapshot text for C:\Users\AlumnoM_AI\Documents\ProyectosTajamar\parte3\3.1 Visual Studio Code + Metals + sbt\torneo-twenty-one\src\main\scala\Main.scala
2026.09.17 11:21:24 WARN  Could not load snapshot text for C:\Users\AlumnoM_AI\Documents\ProyectosTajamar\parte3\3.1 Visual Studio Code + Metals + sbt\torneo-twenty-one\src\main\scala\Main.scala
2026.09.17 11:21:25 INFO  compiling torneo-twenty-one (1 scala source)
2026.09.17 11:21:25 INFO  time: compiled torneo-twenty-one in 0.68s
2026.09.17 11:21:32 INFO  compiling torneo-twenty-one (1 scala source)
2026.09.17 11:21:32 INFO  time: compiled torneo-twenty-one in 0.12s
2026.09.17 11:21:41 INFO  compiling torneo-twenty-one (1 scala source)
2026.09.17 11:21:41 INFO  time: compiled torneo-twenty-one in 0.12s
2026.09.17 11:21:43 INFO  compiling torneo-twenty-one (1 scala source)
2026.09.17 11:21:43 INFO  time: compiled torneo-twenty-one in 86ms
2026.09.17 11:21:46 INFO  compiling torneo-twenty-one (1 scala source)
2026.09.17 11:21:46 INFO  time: compiled torneo-twenty-one in 0.65s
2026.09.17 11:21:52 INFO  Tracing is disabled for protocol dap-server. To enable tracing of incoming and outgoing JSON messages, create an empty file at C:\Users\AlumnoM_AI\Documents\ProyectosTajamar\parte3\3.1 Visual Studio Code + Metals + sbt\torneo-twenty-one\.metals\dap-server.trace.json or C:\Users\AlumnoM_AI\AppData\Local\scalameta\metals\cache\dap-server.trace.json
2026.09.17 11:21:52 INFO  Tracing is disabled for protocol dap-client. To enable tracing of incoming and outgoing JSON messages, create an empty file at C:\Users\AlumnoM_AI\Documents\ProyectosTajamar\parte3\3.1 Visual Studio Code + Metals + sbt\torneo-twenty-one\.metals\dap-client.trace.json or C:\Users\AlumnoM_AI\AppData\Local\scalameta\metals\cache\dap-client.trace.json
2026.09.17 11:21:52 INFO  Starting debug proxy for [Main]
2026.09.17 11:21:52 INFO  Loaded expression compiler in 0 milliseconds
2026.09.17 11:21:54 INFO  Loaded all sources and classes in 1 second
2026.09.17 11:21:54 INFO  Initialized Scala 3 decoder in 0 milliseconds
2026.09.17 11:21:54 INFO  Trying to attach to remote debuggee VM kubernetes.docker.internal:54452 .
2026.09.17 11:21:54 INFO  Attaching to debuggee VM succeeded.
2026.09.17 11:21:54 INFO  Canceling debug proxy for [Main]
2026.09.17 11:21:54 INFO  Closing debug server tcp://0.0.0.0:54450
2026.09.17 11:22:02 INFO  compiling torneo-twenty-one (1 scala source)
2026.09.17 11:22:02 INFO  time: compiled torneo-twenty-one in 0.66s
2026.09.17 11:22:15 INFO  compiling torneo-twenty-one (1 scala source)
2026.09.17 11:22:15 INFO  time: compiled torneo-twenty-one in 86ms
2026.09.17 11:22:20 INFO  compiling torneo-twenty-one (1 scala source)
2026.09.17 11:22:20 INFO  time: compiled torneo-twenty-one in 0.1s
2026.09.17 11:22:22 INFO  compiling torneo-twenty-one (1 scala source)
2026.09.17 11:22:22 INFO  time: compiled torneo-twenty-one in 85ms
2026.09.17 11:22:24 INFO  compiling torneo-twenty-one (1 scala source)
2026.09.17 11:22:24 INFO  time: compiled torneo-twenty-one in 83ms
2026.09.17 11:22:32 INFO  compiling torneo-twenty-one (1 scala source)
2026.09.17 11:22:32 INFO  time: compiled torneo-twenty-one in 0.14s
2026.09.17 11:22:35 INFO  compiling torneo-twenty-one (1 scala source)
2026.09.17 11:22:35 INFO  time: compiled torneo-twenty-one in 86ms
2026.09.17 11:22:38 INFO  compiling torneo-twenty-one (1 scala source)
2026.09.17 11:22:38 INFO  time: compiled torneo-twenty-one in 87ms
2026.09.17 11:22:44 INFO  compiling torneo-twenty-one (1 scala source)
2026.09.17 11:22:44 INFO  time: compiled torneo-twenty-one in 91ms
2026.09.17 11:22:46 INFO  compiling torneo-twenty-one (1 scala source)
2026.09.17 11:22:46 INFO  time: compiled torneo-twenty-one in 0.63s
2026.09.17 11:22:47 INFO  compiling torneo-twenty-one (1 scala source)
2026.09.17 11:22:47 INFO  time: compiled torneo-twenty-one in 0.65s
2026.09.17 11:23:23 INFO  compiling torneo-twenty-one (1 scala source)
2026.09.17 11:23:23 INFO  time: compiled torneo-twenty-one in 82ms
2026.09.17 11:23:25 INFO  compiling torneo-twenty-one (1 scala source)
2026.09.17 11:23:25 INFO  time: compiled torneo-twenty-one in 90ms
2026.09.17 11:23:30 INFO  compiling torneo-twenty-one (1 scala source)
2026.09.17 11:23:30 INFO  time: compiled torneo-twenty-one in 87ms
2026.09.17 11:23:32 INFO  compiling torneo-twenty-one (1 scala source)
2026.09.17 11:23:32 INFO  time: compiled torneo-twenty-one in 88ms
2026.09.17 11:23:34 INFO  compiling torneo-twenty-one (1 scala source)
2026.09.17 11:23:34 INFO  time: compiled torneo-twenty-one in 81ms
2026.09.17 11:23:36 INFO  compiling torneo-twenty-one (1 scala source)
2026.09.17 11:23:36 INFO  time: compiled torneo-twenty-one in 86ms
2026.09.17 11:24:16 INFO  compiling torneo-twenty-one (1 scala source)
2026.09.17 11:24:16 INFO  time: compiled torneo-twenty-one in 83ms
2026.09.17 11:24:18 INFO  compiling torneo-twenty-one (1 scala source)
2026.09.17 11:24:18 INFO  time: compiled torneo-twenty-one in 89ms
2026.09.17 11:24:20 INFO  compiling torneo-twenty-one (1 scala source)
2026.09.17 11:24:20 INFO  time: compiled torneo-twenty-one in 87ms
2026.09.17 11:24:26 INFO  compiling torneo-twenty-one (1 scala source)
2026.09.17 11:24:26 INFO  time: compiled torneo-twenty-one in 0.74s
2026.09.17 11:24:28 INFO  compiling torneo-twenty-one (1 scala source)
2026.09.17 11:24:28 INFO  time: compiled torneo-twenty-one in 0.13s
2026.09.17 11:24:28 WARN  Could not load snapshot text for C:\Users\AlumnoM_AI\Documents\ProyectosTajamar\parte3\3.1 Visual Studio Code + Metals + sbt\torneo-twenty-one\src\main\scala\Main.scala
2026.09.17 11:24:29 WARN  Could not load snapshot text for C:\Users\AlumnoM_AI\Documents\ProyectosTajamar\parte3\3.1 Visual Studio Code + Metals + sbt\torneo-twenty-one\src\main\scala\Main.scala
2026.09.17 11:24:30 INFO  compiling torneo-twenty-one (1 scala source)
2026.09.17 11:24:30 INFO  time: compiled torneo-twenty-one in 0.75s
2026.09.17 11:24:33 INFO  compiling torneo-twenty-one (1 scala source)
2026.09.17 11:24:33 INFO  time: compiled torneo-twenty-one in 0.69s
sept 17, 2026 11:24:46 A. M. org.eclipse.lsp4j.jsonrpc.RemoteEndpoint handleCancellation
ADVERTENCIA: Unmatched cancel notification for request id 9409
sept 17, 2026 11:24:46 A. M. org.eclipse.lsp4j.jsonrpc.RemoteEndpoint handleCancellation
ADVERTENCIA: Unmatched cancel notification for request id 9419
2026.09.17 11:24:48 INFO  compiling torneo-twenty-one (1 scala source)
2026.09.17 11:24:48 INFO  time: compiled torneo-twenty-one in 0.67s
sept 17, 2026 11:24:52 A. M. org.eclipse.lsp4j.jsonrpc.RemoteEndpoint handleCancellation
ADVERTENCIA: Unmatched cancel notification for request id 9469
2026.09.17 11:24:55 INFO  compiling torneo-twenty-one (1 scala source)
2026.09.17 11:24:56 INFO  time: compiled torneo-twenty-one in 1.24s
2026.09.17 11:24:56 INFO  compiling torneo-twenty-one (1 scala source)
2026.09.17 11:24:57 WARN  Could not load snapshot text for C:\Users\AlumnoM_AI\Documents\ProyectosTajamar\parte3\3.1 Visual Studio Code + Metals + sbt\torneo-twenty-one\src\main\scala\Main.scala
2026.09.17 11:24:56 INFO  time: compiled torneo-twenty-one in 0.25s
2026.09.17 11:24:58 INFO  compiling torneo-twenty-one (1 scala source)
2026.09.17 11:24:58 INFO  time: compiled torneo-twenty-one in 0.64s
2026.09.17 11:25:03 INFO  compiling torneo-twenty-one (1 scala source)
2026.09.17 11:25:03 INFO  time: compiled torneo-twenty-one in 0.64s
2026.09.17 11:25:05 INFO  compiling torneo-twenty-one (1 scala source)
2026.09.17 11:25:06 WARN  Could not load snapshot text for C:\Users\AlumnoM_AI\Documents\ProyectosTajamar\parte3\3.1 Visual Studio Code + Metals + sbt\torneo-twenty-one\src\main\scala\Main.scala
2026.09.17 11:25:05 INFO  time: compiled torneo-twenty-one in 0.63s
2026.09.17 11:25:06 INFO  compiling torneo-twenty-one (1 scala source)
2026.09.17 11:25:06 INFO  time: compiled torneo-twenty-one in 0.22s
2026.09.17 11:25:10 INFO  compiling torneo-twenty-one (1 scala source)
2026.09.17 11:25:10 INFO  time: compiled torneo-twenty-one in 0.64s
2026.09.17 11:25:12 INFO  compiling torneo-twenty-one (1 scala source)
2026.09.17 11:25:12 INFO  time: compiled torneo-twenty-one in 0.62s
2026.09.17 11:25:17 INFO  compiling torneo-twenty-one (1 scala source)
2026.09.17 11:25:17 INFO  time: compiled torneo-twenty-one in 0.12s
2026.09.17 11:25:20 INFO  compiling torneo-twenty-one (1 scala source)
2026.09.17 11:25:20 INFO  time: compiled torneo-twenty-one in 0.65s
2026.09.17 11:27:24 INFO  compiling torneo-twenty-one (1 scala source)
2026.09.17 11:27:24 INFO  time: compiled torneo-twenty-one in 99ms
2026.09.17 11:27:26 INFO  compiling torneo-twenty-one (1 scala source)
2026.09.17 11:27:26 INFO  time: compiled torneo-twenty-one in 90ms
2026.09.17 11:27:27 INFO  compiling torneo-twenty-one (1 scala source)
2026.09.17 11:27:27 INFO  time: compiled torneo-twenty-one in 95ms
2026.09.17 11:27:30 INFO  compiling torneo-twenty-one (1 scala source)
2026.09.17 11:27:30 INFO  time: compiled torneo-twenty-one in 0.12s
2026.09.17 11:27:35 INFO  compiling torneo-twenty-one (1 scala source)
2026.09.17 11:27:35 INFO  time: compiled torneo-twenty-one in 0.12s
2026.09.17 11:27:38 INFO  compiling torneo-twenty-one (1 scala source)
2026.09.17 11:27:38 INFO  time: compiled torneo-twenty-one in 0.15s
2026.09.17 11:27:40 INFO  compiling torneo-twenty-one (1 scala source)
2026.09.17 11:27:40 INFO  time: compiled torneo-twenty-one in 0.12s
2026.09.17 11:27:42 INFO  compiling torneo-twenty-one (1 scala source)
2026.09.17 11:27:42 INFO  time: compiled torneo-twenty-one in 0.7s
2026.09.17 11:27:49 INFO  compiling torneo-twenty-one (1 scala source)
2026.09.17 11:27:49 INFO  time: compiled torneo-twenty-one in 0.14s
2026.09.17 11:27:51 INFO  compiling torneo-twenty-one (1 scala source)
2026.09.17 11:27:51 INFO  time: compiled torneo-twenty-one in 0.7s
2026.09.17 11:27:53 INFO  compiling torneo-twenty-one (1 scala source)
2026.09.17 11:27:53 INFO  time: compiled torneo-twenty-one in 0.23s
2026.09.17 11:27:54 INFO  compiling torneo-twenty-one (1 scala source)
2026.09.17 11:27:54 INFO  time: compiled torneo-twenty-one in 0.67s
2026.09.17 11:28:05 INFO  compiling torneo-twenty-one (1 scala source)
2026.09.17 11:28:05 INFO  time: compiled torneo-twenty-one in 0.68s
2026.09.17 11:28:07 INFO  compiling torneo-twenty-one (1 scala source)
2026.09.17 11:28:07 INFO  time: compiled torneo-twenty-one in 0.68s
2026.09.17 11:28:10 INFO  compiling torneo-twenty-one (1 scala source)
2026.09.17 11:28:10 INFO  time: compiled torneo-twenty-one in 0.66s
2026.09.17 11:28:16 INFO  compiling torneo-twenty-one (1 scala source)
2026.09.17 11:28:16 INFO  time: compiled torneo-twenty-one in 88ms
2026.09.17 11:28:19 INFO  compiling torneo-twenty-one (1 scala source)
2026.09.17 11:28:19 INFO  time: compiled torneo-twenty-one in 0.64s
2026.09.17 11:28:22 INFO  compiling torneo-twenty-one (1 scala source)
2026.09.17 11:28:22 INFO  time: compiled torneo-twenty-one in 0.12s
2026.09.17 11:28:27 INFO  compiling torneo-twenty-one (1 scala source)
2026.09.17 11:28:27 INFO  time: compiled torneo-twenty-one in 0.71s
2026.09.17 11:28:28 INFO  compiling torneo-twenty-one (1 scala source)
2026.09.17 11:28:28 INFO  time: compiled torneo-twenty-one in 0.22s
sept 17, 2026 11:28:30 A. M. org.eclipse.lsp4j.jsonrpc.RemoteEndpoint handleCancellation
ADVERTENCIA: Unmatched cancel notification for request id 10048
sept 17, 2026 11:28:31 A. M. org.eclipse.lsp4j.jsonrpc.RemoteEndpoint handleCancellation
ADVERTENCIA: Unmatched cancel notification for request id 10058
2026.09.17 11:28:33 INFO  compiling torneo-twenty-one (1 scala source)
2026.09.17 11:28:33 INFO  time: compiled torneo-twenty-one in 0.7s
2026.09.17 11:28:35 INFO  compiling torneo-twenty-one (1 scala source)
2026.09.17 11:28:35 INFO  time: compiled torneo-twenty-one in 0.66s
sept 17, 2026 11:28:40 A. M. org.eclipse.lsp4j.jsonrpc.RemoteEndpoint handleCancellation
ADVERTENCIA: Unmatched cancel notification for request id 10161
sept 17, 2026 11:28:43 A. M. org.eclipse.lsp4j.jsonrpc.RemoteEndpoint handleCancellation
ADVERTENCIA: Unmatched cancel notification for request id 10194
2026.09.17 11:28:47 INFO  compiling torneo-twenty-one (1 scala source)
2026.09.17 11:28:47 INFO  time: compiled torneo-twenty-one in 0.7s
2026.09.17 11:29:13 INFO  Tracing is disabled for protocol dap-server. To enable tracing of incoming and outgoing JSON messages, create an empty file at C:\Users\AlumnoM_AI\Documents\ProyectosTajamar\parte3\3.1 Visual Studio Code + Metals + sbt\torneo-twenty-one\.metals\dap-server.trace.json or C:\Users\AlumnoM_AI\AppData\Local\scalameta\metals\cache\dap-server.trace.json
2026.09.17 11:29:13 INFO  Tracing is disabled for protocol dap-client. To enable tracing of incoming and outgoing JSON messages, create an empty file at C:\Users\AlumnoM_AI\Documents\ProyectosTajamar\parte3\3.1 Visual Studio Code + Metals + sbt\torneo-twenty-one\.metals\dap-client.trace.json or C:\Users\AlumnoM_AI\AppData\Local\scalameta\metals\cache\dap-client.trace.json
2026.09.17 11:29:13 INFO  Starting debug proxy for [Main]
2026.09.17 11:29:13 INFO  Loaded expression compiler in 0 milliseconds
2026.09.17 11:29:15 INFO  Loaded all sources and classes in 1 second
2026.09.17 11:29:15 INFO  Initialized Scala 3 decoder in 0 milliseconds
2026.09.17 11:29:15 INFO  Trying to attach to remote debuggee VM kubernetes.docker.internal:57526 .
2026.09.17 11:29:15 INFO  Attaching to debuggee VM succeeded.
2026.09.17 11:29:15 INFO  Canceling debug proxy for [Main]
2026.09.17 11:29:15 INFO  Closing debug server tcp://0.0.0.0:57524
2026.09.17 11:29:30 INFO  compiling torneo-twenty-one (1 scala source)
2026.09.17 11:29:30 INFO  time: compiled torneo-twenty-one in 0.69s
2026.09.17 11:29:35 INFO  compiling torneo-twenty-one (1 scala source)
2026.09.17 11:29:35 INFO  time: compiled torneo-twenty-one in 0.12s
2026.09.17 11:29:37 INFO  compiling torneo-twenty-one (1 scala source)
2026.09.17 11:29:37 INFO  time: compiled torneo-twenty-one in 0.66s
2026.09.17 11:29:39 INFO  compiling torneo-twenty-one (1 scala source)
2026.09.17 11:29:39 INFO  time: compiled torneo-twenty-one in 0.13s
2026.09.17 11:29:40 INFO  compiling torneo-twenty-one (1 scala source)
2026.09.17 11:29:40 INFO  time: compiled torneo-twenty-one in 0.64s
2026.09.17 11:29:42 INFO  compiling torneo-twenty-one (1 scala source)
2026.09.17 11:29:42 INFO  time: compiled torneo-twenty-one in 0.64s
2026.09.17 11:29:45 INFO  compiling torneo-twenty-one (1 scala source)
2026.09.17 11:29:45 INFO  time: compiled torneo-twenty-one in 0.12s
2026.09.17 11:29:48 INFO  compiling torneo-twenty-one (1 scala source)
2026.09.17 11:29:48 INFO  time: compiled torneo-twenty-one in 0.69s
2026.09.17 11:29:50 INFO  compiling torneo-twenty-one (1 scala source)
2026.09.17 11:29:50 INFO  time: compiled torneo-twenty-one in 0.11s
2026.09.17 11:29:51 INFO  compiling torneo-twenty-one (1 scala source)
2026.09.17 11:29:51 INFO  time: compiled torneo-twenty-one in 0.71s
2026.09.17 11:29:56 INFO  Tracing is disabled for protocol dap-server. To enable tracing of incoming and outgoing JSON messages, create an empty file at C:\Users\AlumnoM_AI\Documents\ProyectosTajamar\parte3\3.1 Visual Studio Code + Metals + sbt\torneo-twenty-one\.metals\dap-server.trace.json or C:\Users\AlumnoM_AI\AppData\Local\scalameta\metals\cache\dap-server.trace.json
2026.09.17 11:29:56 INFO  Tracing is disabled for protocol dap-client. To enable tracing of incoming and outgoing JSON messages, create an empty file at C:\Users\AlumnoM_AI\Documents\ProyectosTajamar\parte3\3.1 Visual Studio Code + Metals + sbt\torneo-twenty-one\.metals\dap-client.trace.json or C:\Users\AlumnoM_AI\AppData\Local\scalameta\metals\cache\dap-client.trace.json
2026.09.17 11:29:56 INFO  Starting debug proxy for [Main]
2026.09.17 11:29:56 INFO  Loaded expression compiler in 0 milliseconds
2026.09.17 11:29:57 INFO  Loaded all sources and classes in 1 second
2026.09.17 11:29:57 INFO  Initialized Scala 3 decoder in 0 milliseconds
2026.09.17 11:29:57 INFO  Trying to attach to remote debuggee VM kubernetes.docker.internal:52345 .
2026.09.17 11:29:57 INFO  Attaching to debuggee VM succeeded.
2026.09.17 11:29:58 INFO  Canceling debug proxy for [Main]
2026.09.17 11:29:57 INFO  Closing debug server tcp://0.0.0.0:52343
2026.09.17 11:30:30 INFO  compiling torneo-twenty-one (1 scala source)
2026.09.17 11:30:30 INFO  time: compiled torneo-twenty-one in 97ms
2026.09.17 11:30:31 INFO  compiling torneo-twenty-one (1 scala source)
2026.09.17 11:30:31 INFO  time: compiled torneo-twenty-one in 85ms
2026.09.17 11:30:35 INFO  compiling torneo-twenty-one (1 scala source)
2026.09.17 11:30:35 INFO  time: compiled torneo-twenty-one in 0.13s
2026.09.17 11:30:40 INFO  compiling torneo-twenty-one (1 scala source)
2026.09.17 11:30:40 INFO  time: compiled torneo-twenty-one in 0.7s
2026.09.17 11:30:48 INFO  compiling torneo-twenty-one (1 scala source)
2026.09.17 11:30:48 INFO  time: compiled torneo-twenty-one in 0.12s
2026.09.17 11:30:51 INFO  compiling torneo-twenty-one (1 scala source)
2026.09.17 11:30:51 INFO  time: compiled torneo-twenty-one in 0.11s
2026.09.17 11:30:52 INFO  compiling torneo-twenty-one (1 scala source)
2026.09.17 11:30:52 INFO  time: compiled torneo-twenty-one in 0.72s
2026.09.17 11:30:56 INFO  Tracing is disabled for protocol dap-server. To enable tracing of incoming and outgoing JSON messages, create an empty file at C:\Users\AlumnoM_AI\Documents\ProyectosTajamar\parte3\3.1 Visual Studio Code + Metals + sbt\torneo-twenty-one\.metals\dap-server.trace.json or C:\Users\AlumnoM_AI\AppData\Local\scalameta\metals\cache\dap-server.trace.json
2026.09.17 11:30:56 INFO  Tracing is disabled for protocol dap-client. To enable tracing of incoming and outgoing JSON messages, create an empty file at C:\Users\AlumnoM_AI\Documents\ProyectosTajamar\parte3\3.1 Visual Studio Code + Metals + sbt\torneo-twenty-one\.metals\dap-client.trace.json or C:\Users\AlumnoM_AI\AppData\Local\scalameta\metals\cache\dap-client.trace.json
2026.09.17 11:30:56 INFO  Starting debug proxy for [Main]
2026.09.17 11:30:56 INFO  Loaded expression compiler in 0 milliseconds
2026.09.17 11:30:57 INFO  Loaded all sources and classes in 1 second
2026.09.17 11:30:57 INFO  Initialized Scala 3 decoder in 0 milliseconds
2026.09.17 11:30:57 INFO  Trying to attach to remote debuggee VM kubernetes.docker.internal:59120 .
2026.09.17 11:30:57 INFO  Attaching to debuggee VM succeeded.
2026.09.17 11:30:58 INFO  Canceling debug proxy for [Main]
2026.09.17 11:30:57 INFO  Closing debug server tcp://0.0.0.0:59118
2026.09.17 11:31:31 INFO  compiling torneo-twenty-one (1 scala source)
2026.09.17 11:31:31 INFO  time: compiled torneo-twenty-one in 0.12s
2026.09.17 11:31:33 INFO  compiling torneo-twenty-one (1 scala source)
2026.09.17 11:31:33 INFO  time: compiled torneo-twenty-one in 0.7s
2026.09.17 11:31:37 INFO  Tracing is disabled for protocol dap-server. To enable tracing of incoming and outgoing JSON messages, create an empty file at C:\Users\AlumnoM_AI\Documents\ProyectosTajamar\parte3\3.1 Visual Studio Code + Metals + sbt\torneo-twenty-one\.metals\dap-server.trace.json or C:\Users\AlumnoM_AI\AppData\Local\scalameta\metals\cache\dap-server.trace.json
2026.09.17 11:31:37 INFO  Tracing is disabled for protocol dap-client. To enable tracing of incoming and outgoing JSON messages, create an empty file at C:\Users\AlumnoM_AI\Documents\ProyectosTajamar\parte3\3.1 Visual Studio Code + Metals + sbt\torneo-twenty-one\.metals\dap-client.trace.json or C:\Users\AlumnoM_AI\AppData\Local\scalameta\metals\cache\dap-client.trace.json
2026.09.17 11:31:37 INFO  Starting debug proxy for [Main]
2026.09.17 11:31:37 INFO  Loaded expression compiler in 1 millisecond
2026.09.17 11:31:38 INFO  Loaded all sources and classes in 1 second
2026.09.17 11:31:38 INFO  Initialized Scala 3 decoder in 1 millisecond
2026.09.17 11:31:38 INFO  Trying to attach to remote debuggee VM kubernetes.docker.internal:59138 .
2026.09.17 11:31:38 INFO  Attaching to debuggee VM succeeded.
2026.09.17 11:31:39 INFO  Canceling debug proxy for [Main]
2026.09.17 11:31:38 INFO  Closing debug server tcp://0.0.0.0:59136
2026.09.17 11:31:52 INFO  compiling torneo-twenty-one (1 scala source)
2026.09.17 11:31:52 INFO  time: compiled torneo-twenty-one in 0.65s
2026.09.17 11:31:56 INFO  compiling torneo-twenty-one (1 scala source)
2026.09.17 11:31:56 INFO  time: compiled torneo-twenty-one in 0.64s
2026.09.17 11:31:59 INFO  compiling torneo-twenty-one (1 scala source)
2026.09.17 11:31:59 INFO  time: compiled torneo-twenty-one in 0.63s
sept 17, 2026 11:32:09 A. M. org.eclipse.lsp4j.jsonrpc.RemoteEndpoint handleCancellation
ADVERTENCIA: Unmatched cancel notification for request id 10784
2026.09.17 11:32:10 INFO  compiling torneo-twenty-one (1 scala source)
2026.09.17 11:32:10 INFO  time: compiled torneo-twenty-one in 0.68s
2026.09.17 11:32:12 INFO  compiling torneo-twenty-one (1 scala source)
2026.09.17 11:32:12 INFO  time: compiled torneo-twenty-one in 0.69s
2026.09.17 11:32:17 INFO  Tracing is disabled for protocol dap-server. To enable tracing of incoming and outgoing JSON messages, create an empty file at C:\Users\AlumnoM_AI\Documents\ProyectosTajamar\parte3\3.1 Visual Studio Code + Metals + sbt\torneo-twenty-one\.metals\dap-server.trace.json or C:\Users\AlumnoM_AI\AppData\Local\scalameta\metals\cache\dap-server.trace.json
2026.09.17 11:32:17 INFO  Tracing is disabled for protocol dap-client. To enable tracing of incoming and outgoing JSON messages, create an empty file at C:\Users\AlumnoM_AI\Documents\ProyectosTajamar\parte3\3.1 Visual Studio Code + Metals + sbt\torneo-twenty-one\.metals\dap-client.trace.json or C:\Users\AlumnoM_AI\AppData\Local\scalameta\metals\cache\dap-client.trace.json
2026.09.17 11:32:17 INFO  Starting debug proxy for [Main]
2026.09.17 11:32:17 INFO  Loaded expression compiler in 1 millisecond
2026.09.17 11:32:17 INFO  Loaded all sources and classes in 940 milliseconds
2026.09.17 11:32:17 INFO  Initialized Scala 3 decoder in 0 milliseconds
2026.09.17 11:32:17 INFO  Trying to attach to remote debuggee VM kubernetes.docker.internal:64711 .
2026.09.17 11:32:17 INFO  Attaching to debuggee VM succeeded.
2026.09.17 11:32:19 INFO  Canceling debug proxy for [Main]
2026.09.17 11:32:19 INFO  Closing debug server tcp://0.0.0.0:64709
2026.09.17 11:32:43 INFO  compiling torneo-twenty-one (1 scala source)
2026.09.17 11:32:43 INFO  time: compiled torneo-twenty-one in 0.72s
2026.09.17 11:32:46 INFO  compiling torneo-twenty-one (1 scala source)
2026.09.17 11:32:46 INFO  time: compiled torneo-twenty-one in 0.64s
2026.09.17 11:33:38 INFO  compiling torneo-twenty-one (1 scala source)
2026.09.17 11:33:38 INFO  time: compiled torneo-twenty-one in 0.74s
2026.09.17 11:36:30 INFO  compiling torneo-twenty-one (1 scala source)
2026.09.17 11:36:30 INFO  time: compiled torneo-twenty-one in 97ms
2026.09.17 11:36:34 INFO  compiling torneo-twenty-one (1 scala source)
2026.09.17 11:36:34 INFO  time: compiled torneo-twenty-one in 0.16s
2026.09.17 11:36:37 INFO  compiling torneo-twenty-one (1 scala source)
2026.09.17 11:36:37 INFO  time: compiled torneo-twenty-one in 0.15s
sept 17, 2026 11:36:37 A. M. scala.meta.internal.pc.CompilerAccess retryWithCleanCompiler
INFORMACIÓN: compiler crashed due to an error in the Scala compiler, retrying with new compiler instance.
2026.09.17 11:36:37 INFO  Created report: Optional[file:///C:/Users/AlumnoM_AI/Documents/ProyectosTajamar/parte3/3.1%20Visual%20Studio%20Code%20+%20Metals%20+%20sbt/torneo-twenty-one/src/main/scala/Main.scala]
2026.09.17 11:36:37 INFO  scala.reflect.internal.FatalError: 
  ThisType(value $anonfun) for sym which is not a class
     while compiling: file:///C:/Users/AlumnoM_AI/Documents/ProyectosTajamar/parte3/3.1%20Visual%20Studio%20Code%20+%20Metals%20+%20sbt/torneo-twenty-one/src/main/scala/Main.scala
        during phase: globalPhase=<no phase>, enteringPhase=parser
     library version: version 2.12.21
    compiler version: version 2.12.21
  reconstructed args: -classpath C:\Users\AlumnoM_AI\Documents\ProyectosTajamar\parte3\3.1 Visual Studio Code + Metals + sbt\torneo-twenty-one\.bloop\torneo-twenty-one\bloop-bsp-clients-classes\classes-Metals-URaet79gQ2as0pEI5lmZvw==;C:\Users\AlumnoM_AI\AppData\Local\bloop\cache\semanticdb\com.sourcegraph.semanticdb-javac.0.12.3\semanticdb-javac-0.12.3.jar;C:\Users\AlumnoM_AI\.sbt\boot\scala-2.12.21\lib\scala-library.jar -Xplugin-require:semanticdb -Yrangepos -Ymacro-expand:discard -Ycache-plugin-class-loader:last-modified -Ypresentation-any-thread

  last tree to typer: Ident(_CURSOR_p_)
       tree position: line 101 of file:///C:/Users/AlumnoM_AI/Documents/ProyectosTajamar/parte3/3.1%20Visual%20Studio%20Code%20+%20Metals%20+%20sbt/torneo-twenty-one/src/main/scala/Main.scala
            tree tpe: <error>
              symbol: value <error: <none>>
   symbol definition: val <error: <none>>: <error> (a TermSymbol)
      symbol package: <empty>
       symbol owners: value <error: <none>> -> value <local Main> -> object Main
           call site: <none> in <none>

== Source file context for tree position ==

    98     println("HA HABIDO UN EMPATE ENTRE LAS MEJORES PUNTUACIONES")
    99 }
   100 
   101 puntuaciones.foreach(_CURSOR_p_)
   102 }
   103 
   104    (full report at: "C:\Users\AlumnoM_AI\Documents\ProyectosTajamar\parte3\3.1 Visual Studio Code + Metals + sbt\torneo-twenty-one\.metals\.reports\metals-full\2026-09-17\r_compiler-error_(torneo-twenty-one)_11-36-37-763.md")
sept 17, 2026 11:36:37 A. M. scala.meta.internal.pc.CompilerAccess retryWithCleanCompiler
INFORMACIÓN: compiler crashed due to an error in the Scala compiler, retrying with new compiler instance.
sept 17, 2026 11:36:37 A. M. scala.meta.internal.pc.CompilerAccess retryWithCleanCompiler
INFORMACIÓN: compiler crashed due to an error in the Scala compiler, retrying with new compiler instance.
2026.09.17 11:36:37 INFO  Created report: Optional[file:///C:/Users/AlumnoM_AI/Documents/ProyectosTajamar/parte3/3.1%20Visual%20Studio%20Code%20+%20Metals%20+%20sbt/torneo-twenty-one/src/main/scala/Main.scala]
2026.09.17 11:36:37 INFO  scala.reflect.internal.FatalError: 
  ThisType(value $anonfun) for sym which is not a class
     while compiling: file:///C:/Users/AlumnoM_AI/Documents/ProyectosTajamar/parte3/3.1%20Visual%20Studio%20Code%20+%20Metals%20+%20sbt/torneo-twenty-one/src/main/scala/Main.scala
        during phase: globalPhase=<no phase>, enteringPhase=parser
     library version: version 2.12.21
    compiler version: version 2.12.21
  reconstructed args: -classpath C:\Users\AlumnoM_AI\Documents\ProyectosTajamar\parte3\3.1 Visual Studio Code + Metals + sbt\torneo-twenty-one\.bloop\torneo-twenty-one\bloop-bsp-clients-classes\classes-Metals-URaet79gQ2as0pEI5lmZvw==;C:\Users\AlumnoM_AI\AppData\Local\bloop\cache\semanticdb\com.sourcegraph.semanticdb-javac.0.12.3\semanticdb-javac-0.12.3.jar;C:\Users\AlumnoM_AI\.sbt\boot\scala-2.12.21\lib\scala-library.jar -Xplugin-require:semanticdb -Yrangepos -Ymacro-expand:discard -Ycache-plugin-class-loader:last-modified -Ypresentation-any-thread

  last tree to typer: Ident(p_CURSOR__)
       tree position: line 101 of file:///C:/Users/AlumnoM_AI/Documents/ProyectosTajamar/parte3/3.1%20Visual%20Studio%20Code%20+%20Metals%20+%20sbt/torneo-twenty-one/src/main/scala/Main.scala
            tree tpe: <error>
              symbol: value <error: <none>>
   symbol definition: val <error: <none>>: <error> (a TermSymbol)
      symbol package: <empty>
       symbol owners: value <error: <none>> -> value <local Main> -> object Main
           call site: <none> in <none>

== Source file context for tree position ==

    98     println("HA HABIDO UN EMPATE ENTRE LAS MEJORES PUNTUACIONES")
    99 }
   100 
   101 puntuaciones.foreach(p_CURSOR__)
   102 }
   103 
   104    (full report at: "C:\Users\AlumnoM_AI\Documents\ProyectosTajamar\parte3\3.1 Visual Studio Code + Metals + sbt\torneo-twenty-one\.metals\.reports\metals-full\2026-09-17\r_compiler-error_(torneo-twenty-one)_11-36-37-972.md")
sept 17, 2026 11:36:38 A. M. scala.meta.internal.pc.CompilerAccess retryWithCleanCompiler
INFORMACIÓN: compiler crashed due to an error in the Scala compiler, retrying with new compiler instance.
2026.09.17 11:36:37 INFO  Created report: Optional[file:///C:/Users/AlumnoM_AI/Documents/ProyectosTajamar/parte3/3.1%20Visual%20Studio%20Code%20+%20Metals%20+%20sbt/torneo-twenty-one/src/main/scala/Main.scala]
2026.09.17 11:36:37 INFO  scala.reflect.internal.FatalError: 
  ThisType(value $anonfun) for sym which is not a class
     while compiling: file:///C:/Users/AlumnoM_AI/Documents/ProyectosTajamar/parte3/3.1%20Visual%20Studio%20Code%20+%20Metals%20+%20sbt/torneo-twenty-one/src/main/scala/Main.scala
        during phase: globalPhase=<no phase>, enteringPhase=parser
     library version: version 2.12.21
    compiler version: version 2.12.21
  reconstructed args: -classpath C:\Users\AlumnoM_AI\Documents\ProyectosTajamar\parte3\3.1 Visual Studio Code + Metals + sbt\torneo-twenty-one\.bloop\torneo-twenty-one\bloop-bsp-clients-classes\classes-Metals-URaet79gQ2as0pEI5lmZvw==;C:\Users\AlumnoM_AI\AppData\Local\bloop\cache\semanticdb\com.sourcegraph.semanticdb-javac.0.12.3\semanticdb-javac-0.12.3.jar;C:\Users\AlumnoM_AI\.sbt\boot\scala-2.12.21\lib\scala-library.jar -Xplugin-require:semanticdb -Yrangepos -Ymacro-expand:discard -Ycache-plugin-class-loader:last-modified -Ypresentation-any-thread

  last tree to typer: Ident(_CURSOR_p_)
       tree position: line 101 of file:///C:/Users/AlumnoM_AI/Documents/ProyectosTajamar/parte3/3.1%20Visual%20Studio%20Code%20+%20Metals%20+%20sbt/torneo-twenty-one/src/main/scala/Main.scala
            tree tpe: <error>
              symbol: value <error: <none>>
   symbol definition: val <error: <none>>: <error> (a TermSymbol)
      symbol package: <empty>
       symbol owners: value <error: <none>> -> value <local Main> -> object Main
           call site: <none> in <none>

== Source file context for tree position ==

    98     println("HA HABIDO UN EMPATE ENTRE LAS MEJORES PUNTUACIONES")
    99 }
   100 
   101 puntuaciones.foreach(_CURSOR_p_)
   102 }
   103 
   104    (full report at: "C:\Users\AlumnoM_AI\Documents\ProyectosTajamar\parte3\3.1 Visual Studio Code + Metals + sbt\torneo-twenty-one\.metals\.reports\metals-full\2026-09-17\r_compiler-error_(torneo-twenty-one)_11-36-38-108.md")
2026.09.17 11:36:38 INFO  compiling torneo-twenty-one (1 scala source)
2026.09.17 11:36:38 INFO  time: compiled torneo-twenty-one in 0.14s
2026.09.17 11:36:40 INFO  compiling torneo-twenty-one (1 scala source)
2026.09.17 11:36:40 INFO  time: compiled torneo-twenty-one in 0.14s
sept 17, 2026 11:36:40 A. M. scala.meta.internal.pc.CompilerAccess retryWithCleanCompiler
INFORMACIÓN: compiler crashed due to an error in the Scala compiler, retrying with new compiler instance.
2026.09.17 11:36:42 INFO  compiling torneo-twenty-one (1 scala source)
2026.09.17 11:36:42 INFO  time: compiled torneo-twenty-one in 0.12s
2026.09.17 11:36:53 INFO  compiling torneo-twenty-one (1 scala source)
2026.09.17 11:36:53 INFO  time: compiled torneo-twenty-one in 0.13s
sept 17, 2026 11:36:53 A. M. scala.meta.internal.pc.CompilerAccess retryWithCleanCompiler
INFORMACIÓN: compiler crashed due to an error in the Scala compiler, retrying with new compiler instance.
2026.09.17 11:36:53 INFO  Created report: Optional[file:///C:/Users/AlumnoM_AI/Documents/ProyectosTajamar/parte3/3.1%20Visual%20Studio%20Code%20+%20Metals%20+%20sbt/torneo-twenty-one/src/main/scala/Main.scala]
2026.09.17 11:36:53 INFO  scala.reflect.internal.FatalError: 
  ThisType(value $anonfun) for sym which is not a class
     while compiling: file:///C:/Users/AlumnoM_AI/Documents/ProyectosTajamar/parte3/3.1%20Visual%20Studio%20Code%20+%20Metals%20+%20sbt/torneo-twenty-one/src/main/scala/Main.scala
        during phase: globalPhase=<no phase>, enteringPhase=parser
     library version: version 2.12.21
    compiler version: version 2.12.21
  reconstructed args: -classpath C:\Users\AlumnoM_AI\Documents\ProyectosTajamar\parte3\3.1 Visual Studio Code + Metals + sbt\torneo-twenty-one\.bloop\torneo-twenty-one\bloop-bsp-clients-classes\classes-Metals-URaet79gQ2as0pEI5lmZvw==;C:\Users\AlumnoM_AI\AppData\Local\bloop\cache\semanticdb\com.sourcegraph.semanticdb-javac.0.12.3\semanticdb-javac-0.12.3.jar;C:\Users\AlumnoM_AI\.sbt\boot\scala-2.12.21\lib\scala-library.jar -Xplugin-require:semanticdb -Yrangepos -Ymacro-expand:discard -Ycache-plugin-class-loader:last-modified -Ypresentation-any-thread

  last tree to typer: Ident(_CURSOR_p)
       tree position: line 101 of file:///C:/Users/AlumnoM_AI/Documents/ProyectosTajamar/parte3/3.1%20Visual%20Studio%20Code%20+%20Metals%20+%20sbt/torneo-twenty-one/src/main/scala/Main.scala
            tree tpe: <error>
              symbol: value <error: <none>>
   symbol definition: val <error: <none>>: <error> (a TermSymbol)
      symbol package: <empty>
       symbol owners: value <error: <none>> -> value <local Main> -> object Main
           call site: <none> in <none>

== Source file context for tree position ==

    98     println("HA HABIDO UN EMPATE ENTRE LAS MEJORES PUNTUACIONES")
    99 }
   100 
   101 puntuaciones.foreach(_CURSOR_p)
   102 }
   103 
   104    (full report at: "C:\Users\AlumnoM_AI\Documents\ProyectosTajamar\parte3\3.1 Visual Studio Code + Metals + sbt\torneo-twenty-one\.metals\.reports\metals-full\2026-09-17\r_compiler-error_(torneo-twenty-one)_11-36-53-734.md")
sept 17, 2026 11:36:54 A. M. scala.meta.internal.pc.CompilerAccess retryWithCleanCompiler
INFORMACIÓN: compiler crashed due to an error in the Scala compiler, retrying with new compiler instance.
2026.09.17 11:36:53 INFO  Created report: Optional[file:///C:/Users/AlumnoM_AI/Documents/ProyectosTajamar/parte3/3.1%20Visual%20Studio%20Code%20+%20Metals%20+%20sbt/torneo-twenty-one/src/main/scala/Main.scala]
2026.09.17 11:36:53 INFO  scala.reflect.internal.FatalError: 
  ThisType(value $anonfun) for sym which is not a class
     while compiling: file:///C:/Users/AlumnoM_AI/Documents/ProyectosTajamar/parte3/3.1%20Visual%20Studio%20Code%20+%20Metals%20+%20sbt/torneo-twenty-one/src/main/scala/Main.scala
        during phase: globalPhase=<no phase>, enteringPhase=parser
     library version: version 2.12.21
    compiler version: version 2.12.21
  reconstructed args: -classpath C:\Users\AlumnoM_AI\Documents\ProyectosTajamar\parte3\3.1 Visual Studio Code + Metals + sbt\torneo-twenty-one\.bloop\torneo-twenty-one\bloop-bsp-clients-classes\classes-Metals-URaet79gQ2as0pEI5lmZvw==;C:\Users\AlumnoM_AI\AppData\Local\bloop\cache\semanticdb\com.sourcegraph.semanticdb-javac.0.12.3\semanticdb-javac-0.12.3.jar;C:\Users\AlumnoM_AI\.sbt\boot\scala-2.12.21\lib\scala-library.jar -Xplugin-require:semanticdb -Yrangepos -Ymacro-expand:discard -Ycache-plugin-class-loader:last-modified -Ypresentation-any-thread

  last tree to typer: Literal(Constant(null))
       tree position: line 102 of file:///C:/Users/AlumnoM_AI/Documents/ProyectosTajamar/parte3/3.1%20Visual%20Studio%20Code%20+%20Metals%20+%20sbt/torneo-twenty-one/src/main/scala/Main.scala
            tree tpe: Null(null)
              symbol: null
           call site: <none> in <none>

== Source file context for tree position ==

    99 }
   100 
   101 puntuaciones.foreach_CURSOR_(
   102 }
   103 
   104   
   105  (full report at: "C:\Users\AlumnoM_AI\Documents\ProyectosTajamar\parte3\3.1 Visual Studio Code + Metals + sbt\torneo-twenty-one\.metals\.reports\metals-full\2026-09-17\r_compiler-error_(torneo-twenty-one)_11-36-54-408.md")
sept 17, 2026 11:36:54 A. M. scala.meta.internal.pc.CompilerAccess retryWithCleanCompiler
INFORMACIÓN: compiler crashed due to an error in the Scala compiler, retrying with new compiler instance.
2026.09.17 11:36:54 INFO  Created report: Optional[file:///C:/Users/AlumnoM_AI/Documents/ProyectosTajamar/parte3/3.1%20Visual%20Studio%20Code%20+%20Metals%20+%20sbt/torneo-twenty-one/src/main/scala/Main.scala]
2026.09.17 11:36:54 INFO  scala.reflect.internal.FatalError: 
  ThisType(value $anonfun) for sym which is not a class
     while compiling: file:///C:/Users/AlumnoM_AI/Documents/ProyectosTajamar/parte3/3.1%20Visual%20Studio%20Code%20+%20Metals%20+%20sbt/torneo-twenty-one/src/main/scala/Main.scala
        during phase: globalPhase=<no phase>, enteringPhase=parser
     library version: version 2.12.21
    compiler version: version 2.12.21
  reconstructed args: -classpath C:\Users\AlumnoM_AI\Documents\ProyectosTajamar\parte3\3.1 Visual Studio Code + Metals + sbt\torneo-twenty-one\.bloop\torneo-twenty-one\bloop-bsp-clients-classes\classes-Metals-URaet79gQ2as0pEI5lmZvw==;C:\Users\AlumnoM_AI\AppData\Local\bloop\cache\semanticdb\com.sourcegraph.semanticdb-javac.0.12.3\semanticdb-javac-0.12.3.jar;C:\Users\AlumnoM_AI\.sbt\boot\scala-2.12.21\lib\scala-library.jar -Xplugin-require:semanticdb -Yrangepos -Ymacro-expand:discard -Ycache-plugin-class-loader:last-modified -Ypresentation-any-thread

  last tree to typer: Literal(Constant(26))
       tree position: line 16 of file:///C:/Users/AlumnoM_AI/Documents/ProyectosTajamar/parte3/3.1%20Visual%20Studio%20Code%20+%20Metals%20+%20sbt/torneo-twenty-one/src/main/scala/Main.scala
            tree tpe: Int(26)
              symbol: null
           call site: <none> in <none>

== Source file context for tree position ==

    13   24,
    14   21,
    15   20,
    16   26
    17 )
    18 
    19  (full report at: "C:\Users\AlumnoM_AI\Documents\ProyectosTajamar\parte3\3.1 Visual Studio Code + Metals + sbt\torneo-twenty-one\.metals\.reports\metals-full\2026-09-17\r_compiler-error_(torneo-twenty-one)_11-36-54-839.md")
sept 17, 2026 11:36:54 A. M. scala.meta.internal.pc.CompilerAccess retryWithCleanCompiler
INFORMACIÓN: compiler crashed due to an error in the Scala compiler, retrying with new compiler instance.
2026.09.17 11:36:54 INFO  Created report: Optional[file:///C:/Users/AlumnoM_AI/Documents/ProyectosTajamar/parte3/3.1%20Visual%20Studio%20Code%20+%20Metals%20+%20sbt/torneo-twenty-one/src/main/scala/Main.scala]
2026.09.17 11:36:54 INFO  scala.reflect.internal.FatalError: 
  ThisType(value $anonfun) for sym which is not a class
     while compiling: file:///C:/Users/AlumnoM_AI/Documents/ProyectosTajamar/parte3/3.1%20Visual%20Studio%20Code%20+%20Metals%20+%20sbt/torneo-twenty-one/src/main/scala/Main.scala
        during phase: globalPhase=<no phase>, enteringPhase=parser
     library version: version 2.12.21
    compiler version: version 2.12.21
  reconstructed args: -classpath C:\Users\AlumnoM_AI\Documents\ProyectosTajamar\parte3\3.1 Visual Studio Code + Metals + sbt\torneo-twenty-one\.bloop\torneo-twenty-one\bloop-bsp-clients-classes\classes-Metals-URaet79gQ2as0pEI5lmZvw==;C:\Users\AlumnoM_AI\AppData\Local\bloop\cache\semanticdb\com.sourcegraph.semanticdb-javac.0.12.3\semanticdb-javac-0.12.3.jar;C:\Users\AlumnoM_AI\.sbt\boot\scala-2.12.21\lib\scala-library.jar -Xplugin-require:semanticdb -Yrangepos -Ymacro-expand:discard -Ycache-plugin-class-loader:last-modified -Ypresentation-any-thread

  last tree to typer: ApplyImplicitView(method intArrayOps)
       tree position: line 101 of file:///C:/Users/AlumnoM_AI/Documents/ProyectosTajamar/parte3/3.1%20Visual%20Studio%20Code%20+%20Metals%20+%20sbt/torneo-twenty-one/src/main/scala/Main.scala
            tree tpe: scala.collection.mutable.ArrayOps.ofInt
              symbol: implicit method intArrayOps in object Predef
   symbol definition: implicit def intArrayOps(xs: Array[Int]): scala.collection.mutable.ArrayOps.ofInt (a MethodSymbol)
      symbol package: scala
       symbol owners: method intArrayOps -> object Predef
           call site: <none> in <none>

== Source file context for tree position ==

    98     println("HA HABIDO UN EMPATE ENTRE LAS MEJORES PUNTUACIONES")
    99 }
   100 
   101 puntuaciones.foreach
   102 _CURSOR_
   103 }
   104  (full report at: "C:\Users\AlumnoM_AI\Documents\ProyectosTajamar\parte3\3.1 Visual Studio Code + Metals + sbt\torneo-twenty-one\.metals\.reports\metals-full\2026-09-17\r_compiler-error_(torneo-twenty-one)_11-36-54-977.md")
2026.09.17 11:36:55 INFO  compiling torneo-twenty-one (1 scala source)
2026.09.17 11:36:55 INFO  time: compiled torneo-twenty-one in 0.12s
2026.09.17 11:36:56 INFO  compiling torneo-twenty-one (1 scala source)
2026.09.17 11:36:56 INFO  time: compiled torneo-twenty-one in 0.13s
2026.09.17 11:37:09 INFO  compiling torneo-twenty-one (1 scala source)
2026.09.17 11:37:09 INFO  time: compiled torneo-twenty-one in 0.13s
2026.09.17 11:37:15 INFO  compiling torneo-twenty-one (1 scala source)
2026.09.17 11:37:15 INFO  time: compiled torneo-twenty-one in 0.15s
2026.09.17 11:37:17 INFO  compiling torneo-twenty-one (1 scala source)
2026.09.17 11:37:17 INFO  time: compiled torneo-twenty-one in 0.67s
2026.09.17 11:37:29 INFO  compiling torneo-twenty-one (1 scala source)
2026.09.17 11:37:29 INFO  time: compiled torneo-twenty-one in 0.12s
2026.09.17 11:37:42 INFO  compiling torneo-twenty-one (1 scala source)
2026.09.17 11:37:42 INFO  time: compiled torneo-twenty-one in 0.12s
2026.09.17 11:37:45 INFO  compiling torneo-twenty-one (1 scala source)
2026.09.17 11:37:45 INFO  time: compiled torneo-twenty-one in 0.65s
2026.09.17 11:37:51 INFO  compiling torneo-twenty-one (1 scala source)
2026.09.17 11:37:51 INFO  time: compiled torneo-twenty-one in 0.69s
2026.09.17 11:37:53 INFO  compiling torneo-twenty-one (1 scala source)
2026.09.17 11:37:53 INFO  time: compiled torneo-twenty-one in 0.69s
2026.09.17 11:37:56 INFO  compiling torneo-twenty-one (1 scala source)
2026.09.17 11:37:56 INFO  time: compiled torneo-twenty-one in 0.65s
2026.09.17 11:38:01 INFO  compiling torneo-twenty-one (1 scala source)
2026.09.17 11:38:01 INFO  time: compiled torneo-twenty-one in 0.65s
2026.09.17 11:38:06 INFO  compiling torneo-twenty-one (1 scala source)
2026.09.17 11:38:06 INFO  time: compiled torneo-twenty-one in 0.69s
2026.09.17 11:38:09 INFO  compiling torneo-twenty-one (1 scala source)
2026.09.17 11:38:09 WARN  Could not load snapshot text for C:\Users\AlumnoM_AI\Documents\ProyectosTajamar\parte3\3.1 Visual Studio Code + Metals + sbt\torneo-twenty-one\src\main\scala\Main.scala
2026.09.17 11:38:09 INFO  time: compiled torneo-twenty-one in 0.71s
2026.09.17 11:38:11 INFO  compiling torneo-twenty-one (1 scala source)
2026.09.17 11:38:11 INFO  time: compiled torneo-twenty-one in 0.68s
2026.09.17 11:38:13 INFO  compiling torneo-twenty-one (1 scala source)
2026.09.17 11:38:13 INFO  time: compiled torneo-twenty-one in 0.7s
2026.09.17 11:38:21 INFO  compiling torneo-twenty-one (1 scala source)
2026.09.17 11:38:21 INFO  time: compiled torneo-twenty-one in 0.64s
2026.09.17 11:38:26 INFO  compiling torneo-twenty-one (1 scala source)
2026.09.17 11:38:26 INFO  time: compiled torneo-twenty-one in 0.7s
2026.09.17 11:38:28 INFO  compiling torneo-twenty-one (1 scala source)
2026.09.17 11:38:28 INFO  time: compiled torneo-twenty-one in 93ms
2026.09.17 11:38:28 WARN  Could not load snapshot text for C:\Users\AlumnoM_AI\Documents\ProyectosTajamar\parte3\3.1 Visual Studio Code + Metals + sbt\torneo-twenty-one\src\main\scala\Main.scala
2026.09.17 11:38:31 WARN  Could not load snapshot text for C:\Users\AlumnoM_AI\Documents\ProyectosTajamar\parte3\3.1 Visual Studio Code + Metals + sbt\torneo-twenty-one\src\main\scala\Main.scala
2026.09.17 11:38:35 WARN  Could not load snapshot text for C:\Users\AlumnoM_AI\Documents\ProyectosTajamar\parte3\3.1 Visual Studio Code + Metals + sbt\torneo-twenty-one\src\main\scala\Main.scala
2026.09.17 11:38:36 INFO  compiling torneo-twenty-one (1 scala source)
2026.09.17 11:38:36 INFO  time: compiled torneo-twenty-one in 0.13s
2026.09.17 11:38:37 WARN  Could not load snapshot text for C:\Users\AlumnoM_AI\Documents\ProyectosTajamar\parte3\3.1 Visual Studio Code + Metals + sbt\torneo-twenty-one\src\main\scala\Main.scala
2026.09.17 11:38:37 INFO  compiling torneo-twenty-one (1 scala source)
2026.09.17 11:38:37 INFO  time: compiled torneo-twenty-one in 88ms
2026.09.17 11:38:38 WARN  Could not load snapshot text for C:\Users\AlumnoM_AI\Documents\ProyectosTajamar\parte3\3.1 Visual Studio Code + Metals + sbt\torneo-twenty-one\src\main\scala\Main.scala
2026.09.17 11:38:39 INFO  compiling torneo-twenty-one (1 scala source)
2026.09.17 11:38:39 INFO  time: compiled torneo-twenty-one in 0.13s
2026.09.17 11:38:39 WARN  Could not load snapshot text for C:\Users\AlumnoM_AI\Documents\ProyectosTajamar\parte3\3.1 Visual Studio Code + Metals + sbt\torneo-twenty-one\src\main\scala\Main.scala
2026.09.17 11:38:39 WARN  Could not load snapshot text for C:\Users\AlumnoM_AI\Documents\ProyectosTajamar\parte3\3.1 Visual Studio Code + Metals + sbt\torneo-twenty-one\src\main\scala\Main.scala
2026.09.17 11:38:40 INFO  compiling torneo-twenty-one (1 scala source)
2026.09.17 11:38:40 INFO  time: compiled torneo-twenty-one in 0.12s
2026.09.17 11:38:41 WARN  Could not load snapshot text for C:\Users\AlumnoM_AI\Documents\ProyectosTajamar\parte3\3.1 Visual Studio Code + Metals + sbt\torneo-twenty-one\src\main\scala\Main.scala
2026.09.17 11:38:48 WARN  Could not load snapshot text for C:\Users\AlumnoM_AI\Documents\ProyectosTajamar\parte3\3.1 Visual Studio Code + Metals + sbt\torneo-twenty-one\src\main\scala\Main.scala
2026.09.17 11:38:48 WARN  Could not load snapshot text for C:\Users\AlumnoM_AI\Documents\ProyectosTajamar\parte3\3.1 Visual Studio Code + Metals + sbt\torneo-twenty-one\src\main\scala\Main.scala
2026.09.17 11:38:49 INFO  compiling torneo-twenty-one (1 scala source)
2026.09.17 11:38:49 INFO  time: compiled torneo-twenty-one in 88ms
sept 17, 2026 11:38:50 A. M. org.eclipse.lsp4j.jsonrpc.RemoteEndpoint handleCancellation
ADVERTENCIA: Unmatched cancel notification for request id 11805
2026.09.17 11:38:50 WARN  Could not load snapshot text for C:\Users\AlumnoM_AI\Documents\ProyectosTajamar\parte3\3.1 Visual Studio Code + Metals + sbt\torneo-twenty-one\src\main\scala\Main.scala
2026.09.17 11:38:50 WARN  Could not load snapshot text for C:\Users\AlumnoM_AI\Documents\ProyectosTajamar\parte3\3.1 Visual Studio Code + Metals + sbt\torneo-twenty-one\src\main\scala\Main.scala
2026.09.17 11:38:51 INFO  compiling torneo-twenty-one (1 scala source)
2026.09.17 11:38:51 INFO  time: compiled torneo-twenty-one in 0.69s
2026.09.17 11:38:56 INFO  compiling torneo-twenty-one (1 scala source)
2026.09.17 11:38:56 INFO  time: compiled torneo-twenty-one in 0.65s
2026.09.17 11:39:08 INFO  Tracing is disabled for protocol dap-server. To enable tracing of incoming and outgoing JSON messages, create an empty file at C:\Users\AlumnoM_AI\Documents\ProyectosTajamar\parte3\3.1 Visual Studio Code + Metals + sbt\torneo-twenty-one\.metals\dap-server.trace.json or C:\Users\AlumnoM_AI\AppData\Local\scalameta\metals\cache\dap-server.trace.json
2026.09.17 11:39:08 INFO  Tracing is disabled for protocol dap-client. To enable tracing of incoming and outgoing JSON messages, create an empty file at C:\Users\AlumnoM_AI\Documents\ProyectosTajamar\parte3\3.1 Visual Studio Code + Metals + sbt\torneo-twenty-one\.metals\dap-client.trace.json or C:\Users\AlumnoM_AI\AppData\Local\scalameta\metals\cache\dap-client.trace.json
2026.09.17 11:39:08 INFO  Starting debug proxy for [Main]
2026.09.17 11:39:08 INFO  Loaded expression compiler in 14 milliseconds
2026.09.17 11:39:10 INFO  Loaded all sources and classes in 1 second
2026.09.17 11:39:10 INFO  Initialized Scala 3 decoder in 0 milliseconds
2026.09.17 11:39:10 INFO  Trying to attach to remote debuggee VM kubernetes.docker.internal:49744 .
2026.09.17 11:39:10 INFO  Attaching to debuggee VM succeeded.
2026.09.17 11:39:10 INFO  Canceling debug proxy for [Main]
2026.09.17 11:39:10 INFO  Closing debug server tcp://0.0.0.0:49742
2026.09.17 11:39:29 INFO  compiling torneo-twenty-one (1 scala source)
2026.09.17 11:39:29 INFO  time: compiled torneo-twenty-one in 0.66s
2026.09.17 11:42:14 INFO  Tracing is disabled for protocol dap-server. To enable tracing of incoming and outgoing JSON messages, create an empty file at C:\Users\AlumnoM_AI\Documents\ProyectosTajamar\parte3\3.1 Visual Studio Code + Metals + sbt\torneo-twenty-one\.metals\dap-server.trace.json or C:\Users\AlumnoM_AI\AppData\Local\scalameta\metals\cache\dap-server.trace.json
2026.09.17 11:42:14 INFO  Tracing is disabled for protocol dap-client. To enable tracing of incoming and outgoing JSON messages, create an empty file at C:\Users\AlumnoM_AI\Documents\ProyectosTajamar\parte3\3.1 Visual Studio Code + Metals + sbt\torneo-twenty-one\.metals\dap-client.trace.json or C:\Users\AlumnoM_AI\AppData\Local\scalameta\metals\cache\dap-client.trace.json
2026.09.17 11:42:14 INFO  Starting debug proxy for [Main]
2026.09.17 11:42:14 INFO  Loaded expression compiler in 1 millisecond
2026.09.17 11:42:16 INFO  Loaded all sources and classes in 1 second
2026.09.17 11:42:16 INFO  Initialized Scala 3 decoder in 0 milliseconds
2026.09.17 11:42:16 INFO  Trying to attach to remote debuggee VM kubernetes.docker.internal:49418 .
2026.09.17 11:42:16 INFO  Attaching to debuggee VM succeeded.
2026.09.17 11:42:16 INFO  Canceling debug proxy for [Main]
2026.09.17 11:42:16 INFO  Closing debug server tcp://0.0.0.0:49416
2026.09.17 12:49:57 INFO  Created report: Optional.empty
2026.09.17 12:49:57 INFO  No project associated with Uri(file:/C:/Users/AlumnoM_AI/Documents/ProyectosTajamar/parte3/3.1%20Vis... (full report at: "C:\Users\AlumnoM_AI\Documents\ProyectosTajamar\parte3\3.1 Visual Studio Code + Metals + sbt\torneo-twenty-one\.metals\.reports\bloop\2026-09-17\r_No project associate..._12-49-57-994.md")
2026.09.17 12:49:57 INFO  No project associated with Uri(file:/C:/Users/AlumnoM_AI/Documents/ProyectosTajamar/parte3/3.1%20Vis... (full report at: "C:\Users\AlumnoM_AI\Documents\ProyectosTajamar\parte3\3.1 Visual Studio Code + Metals + sbt\torneo-twenty-one\.metals\.reports\bloop\2026-09-17\r_No project associate..._12-49-57-994.md")
2026.09.17 12:49:57 INFO  No project associated with Uri(file:/C:/Users/AlumnoM_AI/Documents/ProyectosTajamar/parte3/3.1%20Vis... (full report at: "C:\Users\AlumnoM_AI\Documents\ProyectosTajamar\parte3\3.1 Visual Studio Code + Metals + sbt\torneo-twenty-one\.metals\.reports\bloop\2026-09-17\r_No project associate..._12-49-57-994.md")
sept 17, 2026 12:49:58 P. M. org.eclipse.lsp4j.jsonrpc.services.GenericEndpoint notify
INFORMACIÓN: Unsupported notification method: $/setTrace
2026.09.17 12:49:58 INFO  Created report: Optional.empty
2026.09.17 12:49:58 INFO  No project associated with Uri(file:/C:/Users/AlumnoM_AI/Documents/ProyectosTajamar/parte3/3.1%20Vis... (full report at: "C:\Users\AlumnoM_AI\Documents\ProyectosTajamar\parte3\3.1 Visual Studio Code + Metals + sbt\torneo-twenty-one\.metals\.reports\bloop\2026-09-17\r_No project associate..._12-49-58-381.md")
2026.09.17 12:49:58 WARN  no build target for: c:\Users\AlumnoM_AI\Documents\ProyectosTajamar\parte3\3.1 Visual Studio Code + Metals + sbt\torneo-twenty-one\project\metals.sbt
2026.09.17 12:49:58 INFO  No project associated with Uri(file:/C:/Users/AlumnoM_AI/Documents/ProyectosTajamar/parte3/3.1%20Vis... (full report at: "C:\Users\AlumnoM_AI\Documents\ProyectosTajamar\parte3\3.1 Visual Studio Code + Metals + sbt\torneo-twenty-one\.metals\.reports\bloop\2026-09-17\r_No project associate..._12-49-58-381.md")
2026.09.17 12:49:58 INFO  No project associated with Uri(file:/C:/Users/AlumnoM_AI/Documents/ProyectosTajamar/parte3/3.1%20Vis... (full report at: "C:\Users\AlumnoM_AI\Documents\ProyectosTajamar\parte3\3.1 Visual Studio Code + Metals + sbt\torneo-twenty-one\.metals\.reports\bloop\2026-09-17\r_No project associate..._12-49-58-381.md")
2026.09.17 12:50:09 INFO  No project associated with Uri(file:/C:/Users/AlumnoM_AI/Documents/ProyectosTajamar/parte3/3.1%20Vis... (full report at: "C:\Users\AlumnoM_AI\Documents\ProyectosTajamar\parte3\3.1 Visual Studio Code + Metals + sbt\torneo-twenty-one\.metals\.reports\bloop\2026-09-17\r_No project associate..._12-49-57-994.md")
2026.09.17 12:50:09 INFO  No project associated with Uri(file:/C:/Users/AlumnoM_AI/Documents/ProyectosTajamar/parte3/3.1%20Vis... (full report at: "C:\Users\AlumnoM_AI\Documents\ProyectosTajamar\parte3\3.1 Visual Studio Code + Metals + sbt\torneo-twenty-one\.metals\.reports\bloop\2026-09-17\r_No project associate..._12-49-57-994.md")
2026.09.17 12:50:09 INFO  No project associated with Uri(file:/C:/Users/AlumnoM_AI/Documents/ProyectosTajamar/parte3/3.1%20Vis... (full report at: "C:\Users\AlumnoM_AI\Documents\ProyectosTajamar\parte3\3.1 Visual Studio Code + Metals + sbt\torneo-twenty-one\.metals\.reports\bloop\2026-09-17\r_No project associate..._12-49-57-994.md")
2026.09.17 12:50:13 INFO  Shutting down server
2026.09.17 12:50:13 INFO  Memory monitor stopped
2026.09.17 12:50:13 INFO  shutting down Metals
2026.09.17 12:50:13 INFO  Shut down connection with build server.
2026.09.17 12:50:13 INFO  Shut down connection with build server.
2026.09.17 12:50:13 INFO  Exiting server
